"Title","Release Date","Hours Viewed","Number of Ratings","Rating","Genre"
"Kaleidoscope: Limited Series","1/1/2023","252500000","650","89","['Short']"
"The Mother","5/12/2023","249900000","60","86","['Sport']"
"BEEF: Season 1","4/6/2023","221100000","270","88","['Family', 'History', 'Sport']"
"Fake Profile: Season 1 // Perfil falso: Temporada 1","5/31/2023","206500000","81650","87","['Drama', 'Horror', 'Thriller']"
"Extraction 2","6/16/2023","201800000","650","89","['Short']"
"Pablo Escobar, el patrón del mal: Season 1","6/8/2023","168300000","270","94","['Short']"
"Your Place or Mine","12/21/2022","161100000","180","94","['Drama', 'Fantasy', 'Horror']"
"Mr. Queen // 철인왕후","12/16/2022","146900000","60","86","['Sport']"
"Manifest: Season 1","6/9/2023","146700000","70","90","['Short', 'Drama']"
"Bridgerton: Season 1","3/25/2022","133400000","145910","92","['Drama', 'Horror', 'Sci-Fi']"
"The Marked Heart: Season 1 // Pálpito: Temporada 1","1/6/2023","120500000","483700","85","['Documentary', 'Sport']"
"Bridgerton: Season 2","12/14/2019","120300000","270","88","['Family', 'History', 'Sport']"
"The Pale Blue Eye","4/21/2023","104500000","6201430","90","['Crime', 'Drama']"
"AKA","12/17/2020","102300000","2370","93","['Documentary', 'Short']"
"You: Season 3","5/20/2022","97600000","70","87","['Animation', 'Comedy', 'Sci-Fi']"
"Welcome to Eden: Season 2 // Bienvenidos a Edén: Temporada 2","1/28/2022","94600000","2370","93","['Documentary', 'Short']"
"Café con aroma de mujer: Season 1","8/16/2019","92500000","650","89","['Short']"
"Love to Hate You: Season 1 // 연애대전: 시즌 1","4/8/2023","92300000","650","89","['Short']"
"Minions: The Rise of Gru","6/14/2019","87900000","560","93","['Talk-Show']"
"La Reina del Sur: Season 2","5/19/2023","82800000","650","89","['Short']"
"Hunger // คนหิว เกมกระหาย","10/14/2021","82500000","2370","93","['Documentary', 'Short']"
"Murder Mystery","1/26/2023","78200000","360","85","['Animation', 'Action', 'Adventure']"
"Manifest: Season 2","3/3/2023","75700000","6201430","90","['Crime', 'Drama']"
"The Law According to Lidia Poët: Season 1 // La legge di Lidia Poët: Stagione 1","2/20/2021","72800000","60","93","['Short']"
"Selling Sunset: Season 6","10/27/2017","69200000","220","90","['Short', 'Romance']"
"Sing (2016)","12/13/2022","65900000","23960","85","['Comedy', 'Drama']"
"Chupa","1/23/2023","63100000","560","93","['Talk-Show']"
"Sing 2","2/9/2023","61800000","6201430","90","['Crime', 'Drama']"
"The Walking Dead: Season 3","8/5/2022","56700000","70","87","['Animation', 'Comedy', 'Sci-Fi']"
"Gilmore Girls: Season 3","3/31/2022","56600000","6201430","90","['Crime', 'Drama']"
"New Amsterdam (2018): Season 3","3/10/2023","55500000","340470","89","['Documentary', 'Biography']"
"Gilmore Girls: Season 4","11/9/2018","55000000","6201430","90","['Crime', 'Drama']"
"Kill Boksoon // 길복순","12/22/2021","53300000","6201430","90","['Crime', 'Drama']"
"Henry Danger: Season 1","12/25/2020","52800000","2370","93","['Documentary', 'Short']"
"The Walking Dead: Season 2","6/7/2023","52500000","560","93","['Talk-Show']"
"Bebefinn: Season 1","5/10/2023","52200000","560","93","['Talk-Show']"
"Outlander: Season 1","6/20/2020","51800000","2370","93","['Documentary', 'Short']"
"Gilmore Girls: Season 6","5/26/2023","49700000","70930","88","['Comedy', 'Drama', 'Romance']"
"DAHMER: Monster: The Jeffrey Dahmer Story","7/11/2013","48800000","320","88","['Crime', 'Thriller']"
"Home (2015)","3/17/2023","48300000","2370","93","['Documentary', 'Short']"
"The Sea Beast","4/12/2023","47900000","560","93","['Talk-Show']"
"Maid: Limited Series","1/20/2023","46100000","70930","88","['Comedy', 'Drama', 'Romance']"
"The Walking Dead: Season 6","4/7/2023","45300000","560","93","['Talk-Show']"
"S.W.A.T. (2017): Season 2","4/26/2020","42900000","2370","93","['Documentary', 'Short']"
"Barbie Life in the Dreamhouse: Season 1","11/19/2018","42700000","90","99","['Short', 'Romance']"
"Carinha de Anjo: Season 1","2/28/2023","40200000","100","86","['Short', 'News']"
"Brooklyn Nine-Nine: Season 3","2/15/2016","39500000","633760","86","['Drama', 'Family']"
"Vikings (2013): Season 4","12/2/2016","37300000","270","88","['Family', 'History', 'Sport']"
"Faraway","7/7/2018","37300000","650","89","['Short']"
"Masha and the Bear: Season 3","3/4/2023","36200000","420","95","['Drama']"
"The Walking Dead: Season 1","10/4/2019","31200000","270","88","['Family', 'History', 'Sport']"
"Shameless (U.S.): Season 2","3/1/2023","30300000","70","87","['Animation', 'Comedy', 'Sci-Fi']"
"Inside Man: Season 1","3/11/2022","30100000","270","88","['Family', 'History', 'Sport']"
"CoComelon: Season 6","7/9/2020","30000000","220","85","['Short']"
"Gabby's Dollhouse: Season 2","11/17/2019","29600000","2370","93","['Documentary', 'Short']"
"Too Hot to Handle: Season 4","10/7/2022","29600000","321950","85","['Animation', 'Action', 'Adventure']"
"Arrow: Season 1","3/12/2021","29400000","650","89","['Short']"
"Maestro in Blue: Season 1 // Maestro: Season 1","7/9/2021","28700000","110","87","['Animation', 'Action', 'Adventure']"
"Shrek Forever After","9/16/2022","28000000","75590","90","['Animation', 'Action', 'Adventure']"
"Our Planet","2/7/2020","27800000","81650","87","['Drama', 'Romance']"
"The King: Eternal Monarch: Season 1 // 더 킹: 영원의 군주: 시즌 1","12/16/2020","27800000","220","85","['Short']"
"The Office (U.S.): Season 7","2/3/2023","27700000","650","89","['Action', 'Comedy', 'Crime']"
"Emergency: NYC: Season 1","8/6/2021","27600000","650","89","['Comedy', 'Drama', 'Family']"
"Shark Tale","1/20/2023","27300000","75590","90","['Short', 'Horror']"
"El Chapo: Season 2","2/23/2018","27000000","580","85","['Animation', 'Short']"
"Queer Eye: Season 7","12/2/2022","26800000","81650","87","['Action', 'Adventure', 'Crime']"
"Outlander: Season 2","9/9/2022","25700000","75590","90","['Horror']"
"Shameless (U.S.): Season 4","7/19/2017","25600000","75590","90","['Short']"
"Keep Breathing: Limited Series","7/25/2022","23900000","220","85","['Short']"
"CoComelon: Season 8","9/13/2019","23300000","122650","86","['Action', 'Crime', 'Drama']"
"The Crown: Season 2","5/22/2023","22700000","122650","86","['Documentary', 'Sport']"
"Peaky Blinders: Season 4","1/17/2020","22600000","483710","85","['Crime', 'Drama', 'Thriller']"
"The Crown: Season 4","5/19/2020","22400000","15140270","86","['Short', 'Comedy']"
"Where the Crawdads Sing","2/25/2022","20400000","220","85","['Adventure', 'Comedy', 'Family']"
"Alba: Season 1","2/26/2016","19600000","145920","92","['Documentary']"
"Titans: Season 1","2/28/2020","18100000","650","90","['Drama', 'Romance']"
"The Swimmers","8/26/2022","17600000","580","85","['Documentary']"
"Virgin River: Season 2","3/25/2021","17400000","81650","87","['Crime', 'Horror', 'Thriller']"
"Our Universe: Limited Series","8/29/2019","16600000","145920","92","['Documentary', 'Crime']"
"MINDHUNTER: Season 1","6/19/2020","16400000","130","86","['Action', 'Adventure', 'Comedy']"
"Vivo","10/1/2021","16200000","81650","87","['Adventure', 'Comedy', 'Drama']"
"El Dragón: Return of a Warrior: Season 1 // El Dragón: El regreso de un guerrero: Temporada 1","12/8/2021","16200000","81650","87","['Animation', 'Adventure', 'Comedy']"
"Noise","10/10/2022","15900000","650","89","['Crime', 'Drama']"
"Tomorrow: Season 1 // 내일: 시즌 1","3/18/2022","15700000","220","85","['Animation', 'Adventure', 'Comedy']"
"Better Than Us: Season 1 // Лучше, чем люди: 1 сезон","12/14/2018","15200000","260","86","['Comedy', 'Fantasy', 'Horror']"
"Lou","8/27/2021","15100000","483710","85","['Action', 'Crime']"
"Slumberland","10/12/2018","14900000","75590","90","['Comedy', 'Drama', 'Romance']"
"The Emoji Movie","4/5/2019","14600000","483710","85","['Adventure', 'Comedy', 'Drama']"
"Locked Up: Season 2 // Vis a vis: Temporada 2","12/1/2021","14400000","2370","93","['Action', 'Adventure', 'Sci-Fi']"
"The Adventures of Puss in Boots: Season 1","1/15/2021","14400000","122650","86","['Short', 'News']"
"Juvenile Justice: Season 1 // 소년심판: 시즌 1","11/25/2022","14300000","100","86","['Action', 'Adventure', 'Drama']"
"The Inmate: Season 1 // El recluso: Season 1","10/27/2022","14200000","580","85","['Documentary']"
"Queen of the South: Season 1","9/1/2022","13800000","47530","85","['Animation', 'Adventure', 'Comedy']"
"The Good Place: Season 1","8/22/2014","13600000","270","94","['Action', 'Drama', 'History']"
"#NoFilter: Season 1 // Sem Filtro: Season 1","7/8/2022","13400000","300","97","['Action', 'Comedy', 'Crime']"
"The 100: Season 4","6/3/2022","12700000","47530","85","['Horror', 'Thriller']"
"Top Boy: Season 1","1/20/2020","12300000","80","94","['Family', 'Sport']"
"Pokémon Master Journeys: The Series: Season 1","6/22/2023","11700000","260","86","['Documentary', 'Crime']"
"Pinkfong & Baby Shark's Space Adventure // 핑크퐁 시네마 콘서트: 우주대탐험","10/7/2016","11700000","650","90","['Drama', 'Mystery', 'Thriller']"
"Dead to Me: Season 1","7/6/2019","11600000","220","85","['Action', 'Adventure', 'Sci-Fi']"
"Jurassic World Camp Cretaceous: Season 3","3/19/2021","11500000","75590","90","['Documentary', 'Crime']"
"Squared Love All Over Again // Miłość do kwadratu jeszcze raz","1/20/2021","11500000","440","90","['Short', 'Drama', 'Music']"
"Sin senos sí hay paraíso: Season 2","3/29/2023","11400000","75590","90","['Animation', 'Action', 'Sport']"
"Black Clover: Sword of the Wizard King // ブラッククローバー 魔法帝の剣","12/24/2021","11200000","122650","86","['Animation', 'Short', 'Comedy']"
"New Girl: Season 3","1/23/2020","11000000","110","87","['Documentary', 'History', 'Sport']"
"El Rey, Vicente Fernández: Season 1","5/25/2018","11000000","650","89","['Action', 'Crime', 'Drama']"
"Heartland (2007): Season 16","12/16/2022","10800000","260","86","['Comedy']"
"MINDHUNTER: Season 2","11/15/2022","10800000","122650","86","['Comedy', 'Drama']"
"Workin' Moms: Season 6","6/6/2022","10400000","122650","86","['Drama']"
"A Perfect Pairing","1/13/2022","10400000","122650","86","['Musical', 'Short']"
"House of Cards: Season 1","8/30/2019","10300000","650","89","['Horror', 'Mystery', 'Thriller']"
"Forrest Gump","11/16/2018","10100000","81650","87","['Action', 'Horror', 'Sci-Fi']"
"Naruto Shippuden: Season 1 // NARUTO-ナルト- 疾風伝: 風影奪還編","3/24/2017","9900000","650","90","['Action', 'Adventure', 'Mystery']"
"Daniel Spellbound: Season 1","9/25/2019","9500000","145920","92","['Comedy']"
"비상선언","4/6/2020","9300000","75590","90","['Short', 'Adventure', 'Romance']"
"The Bourne Legacy","9/7/2018","8800000","70","87","['Action', 'Adventure', 'Drama']"
"Heartland (2007): Season 7","5/20/2020","8500000","2370","93","['Documentary', 'Biography', 'History']"
"Young Sheldon: Season 3","1/14/2022","8400000","80","87","['Documentary', 'Biography', 'Sport']"
"47 Meters Down: Uncaged","5/26/2022","8200000","145920","92","['Animation', 'Short', 'Adventure']"
"Glitch: Season 1","5/23/2023","8100000","130","86","['Comedy', 'Romance']"
"Harry Potter and the Order of the Phoenix","3/9/2018","7900000","226850","85","['Drama', 'Mystery', 'Romance']"
"Supernatural (2005): Season 2","4/10/2021","7900000","226850","85","['Comedy']"
"Brown and Friends: Season 1","9/2/2021","7700000","2370","93","['Crime', 'Horror', 'Mystery']"
"Black Mirror: Season 2","1/1/2020","7700000","81650","87","['Animation', 'Action', 'Adventure']"
"Barbie Mermaid Power","6/3/2022","7600000","650","89","['Documentary', 'Short']"
"LEGO Ninjago: Season 1 - Secrets of Forbidden Spinjitzu","11/24/2021","7600000","75590","90","['Crime', 'Drama', 'Horror']"
"An Action Hero // ऐक्शन हीरो","3/13/2020","7600000","220","85","['Crime', 'Drama', 'Thriller']"
"Nicky, Ricky, Dicky & Dawn: Season 3","3/30/2021","7400000","2370","93","['Drama', 'Romance']"
"Transformers (2007)","3/6/2020","7300000","190","93","['Documentary', 'Comedy']"
"Jungle Beat: The Movie","11/23/2022","7200000","580","85","['Documentary', 'Crime', 'History']"
"Pixels (2015)","5/25/2017","6400000","145930","92","['Animation', 'Adventure', 'Comedy']"
"Rick and Morty: Season 4","9/16/2022","6300000","270","88","['Animation', 'Short', 'Adventure']"
"Kiss, Kiss! // Gorzko, gorzko!","10/6/2016","6200000","340490","89","['Animation', 'Short', 'Adventure']"
"Peter Rabbit 2","8/31/2018","6200000","480","93","['Drama']"
"Power Rangers (2017)","10/25/2022","6000000","94810","86","['Game-Show', 'Reality-TV', 'Romance']"
"The King","5/11/2022","6000000","60","86","['Comedy', 'Family', 'Romance']"
"In the Shadow of the Moon","5/30/2023","5800000","360","85","['Short', 'Comedy', 'Music']"
"Love Village: Season 1 // あいの里: シーズン1","1/6/2023","5700000","220","85","['Action', 'Crime', 'Drama']"
"Mr. Harrigan's Phone","12/2/2020","5600000","145930","92","['Drama', 'Horror']"
"The Twilight Saga: Eclipse","2/28/2020","5500000","230","87","['Comedy', 'Family', 'Romance']"
"Tidelands: Season 1","1/19/2018","5400000","47550","85","['Comedy']"
"Blade Runner 2049","3/6/2015","5300000","650","89","['Action', 'Adventure', 'Fantasy']"
"Too Hot to Handle: Season 2","9/16/2022","5100000","81650","87","['Comedy']"
"The UnXplained with William Shatner: Season 1","7/10/2020","5100000","109070","85","['Action', 'Adventure', 'Crime']"
"Whindersson Nunes: Preaching to the Choir // Whindersson Nunes: Isso não é um culto","8/7/2020","5100000","117170","86","['Adventure', 'Comedy', 'Drama']"
"Alexa & Katie: Part 4","9/6/2019","5100000","81650","87","['Documentary', 'Music']"
"The Fairly OddParents: Season 3","2/9/2018","5000000","390","91","['Documentary', 'Crime', 'Sport']"
"The Fairly OddParents: Season 2","7/13/2021","4700000","1220","88","['Short', 'Comedy']"
"Cook at all Costs: Season 1","5/8/2020","4700000","650","89","['Comedy', 'Drama', 'Romance']"
"Hwarang: Season 1 // 화랑: 시즌1","6/5/2020","4600000","120","96","['Documentary']"
"The Ranch: Part 4","1/29/2021","4600000","2370","93","['Short']"
"Black Hawk Down","4/27/2018","4500000","2370","93","['Drama', 'Romance']"
"Public Enemy: Book of Revelation: Limited Series // Ennemi public : Le livre de la Révélation: Mini-série","12/14/2020","4500000","650","89","['Action', 'Drama', 'Thriller']"
"Alexa & Katie: Part 3","9/1/2016","4500000","2370","93","['Comedy']"
"Charlie's Colorforms City: Colorforms City","9/14/2021","4500000","47550","85","['Documentary', 'History', 'Reality-TV']"
"Keep Sweet: Pray and Obey: Limited Series","8/10/2018","4400000","94810","86","['Comedy', 'Drama']"
"The Legend of Korra: Book Three: Change","5/3/2019","4300000","75590","90","['Comedy', 'Horror']"
"Turning Point: 9/11 and the War on Terror: Limited Series","5/20/2022","4300000","650","89","['Horror', 'Mystery', 'Thriller']"
"That's Amor","10/19/2018","4300000","1120","90","['Drama', 'Horror']"
"JoJo's Bizarre Adventure: Phantom Blood/Battle Tendency // ジョジョの奇妙な冒険: 「ファントムブラッド」「戦闘潮流」","7/16/2021","4100000","650","89","['Drama']"
"Atypical: Season 2","4/15/2020","4000000","81650","87","['Comedy', 'Drama', 'Romance']"
"Pokémon Master Journeys: The Series: Part 1","9/16/2020","3900000","650","89","['Comedy', 'Drama']"
"The Bride of Habaek: Season 1 // 하백의 신부: 시즌 1","6/10/2016","3900000","650","89","['Documentary']"
"ONE PIECE: CP9 // ワンピース: CP9編","7/29/2016","3800000","145930","92","['Crime', 'Drama', 'Mystery']"
"Ingobernable: Season 2","8/22/2022","3800000","94810","86","['Comedy', 'Romance']"
"The Lady in Dignity: Season 1 // 품위있는 그녀: 시즌 1","3/13/2020","3700000","81650","87","['Drama']"
"Along Came Polly","9/6/2019","3700000","80","94","['Animation', 'Short', 'Action']"
"Rich in Love 2 // Ricos de Amor 2","1/5/2022","3700000","145930","92","['Animation', 'Short']"
"Peter Rabbit: Season 1","8/12/2016","3600000","650","89","['Drama', 'History']"
"Bee Movie","6/17/2020","3600000","60","86","['Comedy', 'Romance']"
"Rescued by Ruby","3/18/2022","3500000","1120","90","['Short', 'Musical', 'Romance']"
"Dated and Related: Season 1","10/27/2021","3500000","13387350","90","['Documentary']"
"Peter Rabbit: Season 2","8/4/2022","3500000","75590","90","['Documentary', 'Crime']"
"Sense8: Season 1","9/29/2017","3300000","145930","92","['Drama']"
"The Disastrous Life of Saiki K.: Season 2 // 斉木楠雄のΨ難: シーズン2","11/22/2019","3300000","220","85","['Action', 'Horror', 'Mystery']"
"The Meg","8/21/2020","3300000","220","85","['Comedy']"
"After Life: Season 1","1/8/2017","3300000","230","87","['Documentary', 'Short']"
"Ghost Wars: Season 1","6/24/2016","3300000","50","94","['Short']"
"Happiness // 해피니스","6/14/2019","3300000","60","86","['Drama']"
"Z Nation: Season 1","11/25/2022","3200000","19376390","90","['Action', 'Adventure', 'Comedy']"
"Hello, Me!: Season 1 // 안녕? 나야!: 시즌 1","8/12/2016","3200000","110","88","['Drama', 'Horror', 'Sci-Fi']"
"Monster Hunter","2/22/2019","3200000","145930","92","['Comedy', 'Drama']"
"Signal: Season 1 // 시그널: 시즌 1","9/24/2018","3100000","2370","93","['Action', 'Adventure', 'Comedy']"
"Tower Heist","10/18/2019","3000000","81650","87","['Animation', 'Adventure', 'Comedy']"
"My Golden Life // 황금빛 내 인생","11/17/2017","2900000","650","89","['Animation', 'Action', 'Adventure']"
"Pokémon Master Journeys: The Series: Part 3","7/13/2018","2900000","81650","87","['Drama']"
"Ride Along 2","4/29/2018","2900000","28520","85","['Comedy']"
"The Fairly OddParents: Season 1","10/22/2021","2900000","250","87","['Biography', 'Drama', 'Romance']"
"InuYasha: Season 4 // 犬夜叉: 第4期","5/7/2021","2800000","145930","92","['Comedy', 'Crime', 'Drama']"
"Quicksand: Limited Series // Störst av allt: Miniserie","11/26/2021","2700000","130","86","['Documentary']"
"Ricky Zoom: Season 1","8/14/2015","2700000","650","89","['Comedy', 'Drama']"
"Trash Truck: Season 1","3/15/2019","2700000","230","87","['Comedy', 'Family']"
"The Girl in the Mirror: Season 1 // Alma: Temporada 1","8/16/2019","2600000","145930","92","['Animation', 'Drama', 'Mystery']"
"The Playing Card Killer: Limited Series // Baraja: La firma del asesino: Miniserie","8/13/2021","2600000","220","85","['Drama', 'Thriller']"
"Heart Signal: Season 4 // 하트시그널: 시즌4","10/8/2021","2600000","110","87","['Comedy', 'Romance']"
"Young Royals: Season 2","11/2/2022","2600000","90","93","['Documentary', 'Biography', 'History']"
"The Perfect Family // La familia perfecta","6/16/2022","2500000","230","87","['Animation', 'Short']"
"Trailer Park Boys: Season 8","10/28/2022","2500000","520","86","['Documentary']"
"Boruto: Naruto Next Generations: Season 4 // BORUTO ボルト NEXT GENERATIONS: シーズン4","12/9/2016","2400000","650","90","['Comedy']"
"Keeping Up with the Kardashians: Season 13","10/19/2018","2300000","230","87","['Documentary', 'Comedy']"
"Always a Witch: Season 1 // Siempre bruja: Temporada 1","4/26/2019","2300000","39860","85","['Short']"
"Love Hard","1/21/2023","2300000","650","90","['Comedy']"
"Oggy Oggy: Season 2","5/25/2018","2100000","120","93","['Comedy', 'Family']"
"Wanted (2008)","10/25/2018","2000000","120","85","['Action', 'Adventure', 'Sci-Fi']"
"Blackout (2022)","10/26/2022","1900000","690","87","['Comedy', 'Romance']"
"The Secret Life of My Secretary // 초면에 사랑합니다","11/7/2017","1900000","180","86","['Game-Show', 'Reality-TV']"
"Campfire Cooking in Another World with My Absurd Skill // とんでもスキルで異世界放浪メシ","8/15/2019","1900000","38320","85","['Comedy']"
"Key & Peele: Season 3","12/16/2022","1800000","390","91","['Documentary', 'Comedy']"
"Snabba Cash: Season 1","8/15/2022","1800000","650","89","['Drama', 'Horror', 'Thriller']"
"A Time to Kill (1996)","12/7/2018","1800000","15140730","86","['Sport']"
"Bring it On: All or Nothing","6/24/2022","1800000","650","89","['Documentary', 'Crime', 'Thriller']"
"Carandiru","10/20/2017","1800000","81650","87","['Documentary', 'Biography', 'Music']"
"Charlotte's Web (2006)","12/30/2021","1800000","50","100","['Animation', 'Adventure', 'Comedy']"
"Cowboy Bebop: Season 1 // カウボーイビバップ: シーズン1","12/14/2018","1800000","140","87","['Comedy', 'Drama', 'Romance']"
"Beyblade Burst Rise: Season 1 // ベイブレードバースト ガチ: シーズン1","3/18/2022","1800000","220","85","['Comedy']"
"Glitch Techs: Season 1","4/6/2018","1700000","130","86","['Documentary']"
"Tobot Galaxy Detectives: Season 1 // 또봇 V: 시즌1","5/1/2018","1600000","145930","92","['Documentary', 'Sport']"
"I AM A KILLER: Season 2","9/9/2020","1600000","650","89","['Documentary', 'Crime']"
"Ouija: Origin of Evil","2/25/2022","1600000","2370","93","['Horror']"
"Tara VS. Bilal // तारा वर्सेस बिलाल","11/5/2021","1600000","1030","90","['Horror', 'Thriller']"
"Marriage Story","3/28/2023","1500000","145930","92","['Documentary', 'Short']"
"The Nice Guys","11/5/2020","1500000","120","93","['Animation', 'Action', 'Adventure']"
"Barbie Epic Road Trip","3/2/2022","1500000","70","100","['Drama', 'Romance', 'Thriller']"
"The Boss Baby: Christmas Bonus","4/14/2021","1500000","421080","86","['Documentary', 'Music']"
"Memoirs of a Geisha","3/31/2021","1400000","650","89","['Comedy']"
"Night Stalker: The Hunt for a Serial Killer: Limited Series","9/7/2022","1400000","81650","87","['Action', 'Adventure', 'Drama']"
"Nihontouitsu Series: Season 1 // 日本統一シリーズ: シーズン1","9/22/2017","1400000","2370","93","['Short']"
"The Bold Type: Season 4","7/20/2018","1400000","75590","90","['Comedy', 'Drama', 'Fantasy']"
"The Punisher (2004)","10/18/2019","1400000","81650","87","['Action', 'Comedy', 'Crime']"
"Tribes of Europa: Season 1","8/25/2021","1400000","240","88","['Documentary', 'Comedy']"
"Troy","10/1/2017","1300000","145920","92","['Short']"
"Confessions of an Invisible Girl // Confissões de uma Garota Excluída","5/5/2017","1300000","130","97","['Animation', 'Short', 'Adventure']"
"Dinotrux Supercharged: Season 3","8/27/2021","1300000","220","85","['Comedy']"
"STAND BY ME Doraemon 2 // STAND BY ME ドラえもん 2","7/29/2022","1300000","580","85","['Adventure', 'Drama', 'Fantasy']"
"Power (2014): Season 6","9/26/2019","1200000","720","86","['Music']"
"Word Party: Season 2","2/2/2021","1200000","23580","85","['Action', 'Adventure', 'Sci-Fi']"
"The Trip // I onde dager","11/1/2019","1100000","145920","92","['Short', 'Drama', 'Romance']"
"Rainbow Rangers: Season 2","12/31/2019","1100000","70","95","['Reality-TV']"
"Caliphate: Season 1 // Kalifat: Säsong 1","10/13/2022","1000000","145920","92","['Drama']"
"Glitter: Season 1 // Brokat: Sezon 1","12/2/2022","900000","226870","85","['Documentary']"
"Octonauts & the Caves of Sac Actun","4/16/2021","900000","81650","87","['Biography', 'Drama', 'Mystery']"
"Inglourious Basterds","1/13/2022","900000","","","['Comedy', 'Drama', 'Romance']"
"Mr. Bean: The Animated Series: Season 2","7/15/2020","900000","650","89","['Action', 'Comedy', 'Crime']"
"My Best Friend's Wedding (1997)","3/28/2022","900000","60","86","['Comedy']"
"Puffin Rock: Season 1","6/9/2021","900000","270","88","['Action', 'Crime', 'Drama']"
"Scrooge: A Christmas Carol","8/31/2021","900000","81650","87","['Comedy', 'Crime', 'Drama']"
"Star Trek: Voyager: Season 6","6/15/2018","900000","650","89","['Comedy', 'Crime', 'Drama']"
"The Magicians (2015): Season 1","2/11/2022","800000","270","94","['Sport']"
"The Royals (2015): Season 1","10/18/2018","800000","180","94","['Family', 'Musical', 'Animation']"
"Baby: Season 1","3/9/2022","800000","60","86","['Drama', 'Western']"
"Barney and Friends: Season 14","11/5/2020","800000","70","90","['Action', 'Crime', 'Drama']"
"Escape Room (2019)","5/26/2021","800000","145910","92","['Comedy', 'Drama', 'Horror']"
"H (1998): Season 1","11/12/2019","800000","483700","85","['Crime', 'Drama']"
"Happy!: Season 1","5/26/2021","800000","270","88","['Drama', 'War']"
"Moo 2 // หมู่ 2","3/22/2022","800000","6201430","90","['Drama']"
"Naruto Shippuden: Season 10 // NARUTO-ナルト- 疾風伝: 五影編","11/13/2015","800000","2370","93","['Action', 'Comedy', 'Thriller']"
"Star Trek: The Next Generation: Season 7","5/12/2017","800000","70","87","['Biography', 'Crime', 'Drama']"
"The Baker and the Beauty (2020): Season 1","3/29/2022","800000","2370","93","['Animation', 'Action', 'Adventure']"
"The Mummy Returns","9/30/2022","800000","650","89","['Short']"
"The Parkers: Season 2","9/29/2017","800000","650","89","['Short', 'Horror']"
"You Get Me","10/16/2020","800000","560","93","['Adventure', 'Biography', 'Drama']"
"Delhi Crime: Season 1 // दिल्ली क्राइम: सीज़न 1","4/6/2017","800000","650","89","['Comedy', 'Drama']"
"Do You Like Brahms?: Season 1 // 브람스를 좋아하세요?: 시즌1","3/18/2016","800000","2370","93","['Action', 'Comedy', 'Drama']"
"How I Became a Superhero // Comment je suis devenu super-héros","2/24/2017","800000","360","85","['Comedy', 'Drama', 'Romance']"
"Ip Man 3 // 葉問 3 // 叶问 3","4/19/2022","800000","6201430","90","['Thriller']"
"Million Dollar Listing New York: Season 4","10/2/2020","700000","60","93","['Animation', 'Adventure', 'Comedy']"
"RuPaul's Drag Race: Season 13","12/29/2021","700000","220","90","['Comedy', 'Drama']"
"The Penthouse: War in Life: Season 3 // 펜트하우스: 시즌3","4/26/2015","700000","23960","85","['Comedy', 'Romance']"
"The Yellow Birds","12/17/2021","700000","560","93","['Action', 'Drama', 'History']"
"Vacation (2015)","3/31/2017","700000","6201430","90","['Documentary', 'Short']"
"Glory (1989)","11/3/2021","700000","70","87","['Short', 'Sport']"
"Inseparables","12/5/2022","700000","6201430","90","['Action', 'Thriller']"
"Latte and the Magic Waterstone","3/29/2022","700000","340470","89","['Animation', 'Adventure', 'Comedy']"
"Living Together without Marriage: Season 1 // 결혼 말고 동거: 시즌1","5/20/2020","700000","6201430","90","['Documentary', 'Short']"
"Marianne: Season 1","9/12/2018","700000","6201430","90","['Action', 'Adventure', 'Drama']"
"Oh My Baby: Season 1 // 오 마이 베이비: 시즌1","12/28/2018","700000","2370","93","['Biography', 'Drama', 'Romance']"
"Pinky Malinky: Part 1","9/13/2019","700000","560","93","['Documentary', 'History', 'Sci-Fi']"
"Roman Empire: Julius Caesar: Master of Rome","8/31/2021","700000","560","93","['Reality-TV']"
"The Catholic School // La Scuola Cattolica","6/15/2018","700000","2370","93","['Comedy', 'Drama', 'Family']"
"Traffic (2000)","9/13/2019","700000","70930","88","['Short', 'Drama']"
"Who Are You: School 2015: Season 1 // 후아유-학교 2015: 시즌1","9/10/2020","700000","320","88","['Comedy', 'Drama', 'Romance']"
"Apostle","12/31/2019","700000","2370","93","['Animation', 'Action', 'Adventure']"
"Ask the StoryBots: Season 2","1/28/2022","700000","560","93","['Documentary', 'Short']"
"Drug Lords: Season 2","2/1/2019","700000","70930","88","['Talk-Show']"
"Marmaduke (2010)","10/23/2018","600000","560","93","['Drama', 'Romance']"
"Sicario: Day of the Soldado","8/19/2016","600000","2370","93","['Biography', 'Crime', 'Drama']"
"The Dig","5/27/2016","600000","90","99","['Comedy', 'Romance']"
"Double World // 征途","3/18/2022","600000","100","86","['Animation', 'Action', 'Adventure']"
"Inside Man: Most Wanted","2/27/2020","600000","633760","86","['Action', 'Drama', 'Fantasy']"
"Taxi Driver (1976)","9/6/2019","600000","270","88","['Animation', 'Action', 'Adventure']"
"The Adventures of Puss in Boots: Season 4","9/22/2020","600000","650","89","['Adventure', 'Comedy', 'Drama']"
"Your Son // Tu hijo","7/20/2018","600000","420","95","['Comedy']"
"Forgotten // 기억의 밤","1/24/2020","500000","270","88","['Documentary', 'Sport']"
"My Love Story with Yamada-kun at Lv999: Season 1 // 山田くんとLv999の恋をする: シーズン1","4/13/2018","500000","70","87","['Comedy', 'Romance']"
"Pui Pui Molcar: Season 1","6/28/2022","500000","270","88","['Documentary', 'Short']"
"Spirit Riding Free: Season 6","4/26/2022","500000","220","85","['Comedy', 'Drama', 'Romance']"
"The Quick and the Dead (1995)","9/8/2017","500000","2370","93","['Horror']"
"The Swan Princess","2/17/2022","500000","321950","85","['Animation', 'Adventure', 'Comedy']"
"Trapped (2015): Season 1","10/4/2022","500000","650","89","['Comedy']"
"Chappelle's Show: Season 1","3/12/2019","500000","110","87","['Drama', 'Romance']"
"Green Book","9/28/2018","500000","75590","90","['Action', 'Comedy', 'Crime']"
"Mine (2016)","6/3/2022","500000","81650","87","['Action', 'Adventure', 'Drama']"
"Nanny McPhee and the Big Bang","5/1/2019","500000","220","85","['Comedy', 'Sport']"
"Night in Paradise // 낙원의 밤","10/25/2019","500000","650","89","['Animation', 'Adventure', 'Comedy']"
"Power (2014): Season 4","9/14/2018","500000","650","89","['Drama']"
"Twirlywoos: Season 1","10/14/2022","500000","75590","90","['Drama', 'Horror', 'Thriller']"
"Amateur","2/10/2021","500000","580","85","['Short', 'Comedy']"
"Beautiful Gong Shim: Season 1 // 미녀 공심이","7/4/2017","500000","81650","87","['Drama', 'Romance', 'Sci-Fi']"
"Operation Mayfair // ऑपरेशन मेफ़ेयर","10/7/2016","400000","75590","90","['Animation', 'Family', 'Short']"
"Pretty Smart: Season 1","12/16/2021","400000","75590","90","['Documentary', 'Crime', 'History']"
"Friday Night Lights: Season 5","4/7/2021","400000","220","85","['Action', 'Adventure', 'Fantasy']"
"Paradise Beach","4/12/2022","400000","122650","86","['Action', 'Fantasy', 'Thriller']"
"The Laundromat","2/20/2023","400000","122650","86","['Action', 'Crime', 'Drama']"
"The Remains of the Day","12/26/2015","400000","483710","85","['Horror', 'Sci-Fi', 'Thriller']"
"The Sons of Sam: A Descent into Darkness: Limited Series","8/4/2020","400000","15140270","86","['Drama']"
"The Innocent Man: Limited Series","4/29/2016","400000","220","85","['Comedy', 'Drama', 'Family']"
"All Hail King Julien: Season 4","3/22/2019","400000","145920","92","['Comedy', 'Drama', 'Romance']"
"Rampage (2018)","10/5/2018","300000","650","90","['Comedy', 'Drama']"
"Stronger","7/31/2018","300000","580","85","['Action', 'Crime', 'Drama']"
"Top Wing: Season 1","9/17/2020","300000","81650","87","['Action', 'Crime', 'Thriller']"
"Dinotrux: Season 3","4/21/2020","300000","145920","92","['Short', 'Action', 'Comedy']"
"Girls5eva: Season 1","6/7/2019","300000","130","86","['Animation', 'Action', 'Adventure']"
"I Got a Cheat Skill in Another World and Became Unrivaled in the Real World, Too // 異世界でチート能力を手にした俺は、現実世界をも無双する ～レベルアップは人生を変えた～: シーズン1","2/8/2019","300000","81650","87","['Short']"
"I Hear Your Voice: Season 1 // 너의 목소리가 들려: 시즌1","11/2/2018","300000","81650","87","['Documentary', 'Biography', 'Sport']"
"Our Souls at Night","12/31/2019","300000","650","89","['Drama']"
"The Bank Job","11/10/2016","300000","220","85","['Romance']"
"An Astrological Guide for Broken Hearts: Season 1 // Guida astrologica per cuori infranti: Stagione 1","2/2/2021","300000","260","86","['Comedy', 'Drama', 'Romance']"
"Best Leftovers Ever!: Season 1","8/31/2018","300000","483710","85","['Adventure', 'Comedy', 'Drama']"
"Dragons: Rescue Riders: Secrets of the Songwing","1/18/2019","300000","75590","90","['Drama']"
"Flint Town: Season 1","12/24/2020","200000","483710","85","['Game-Show', 'Reality-TV']"
"Land (2021)","10/17/2017","200000","2370","93","['Adventure', 'Comedy', 'Drama']"
"Legend (2015)","12/5/2018","200000","122650","86","['Documentary']"
"Oats Studios: Volume 1","12/29/2017","200000","100","86","['Documentary', 'Short', 'Action']"
"Possessed: Season 1 // 빙의: 시즌 1","4/10/2020","200000","580","85","['Short', 'Musical']"
"Walk. Ride. Rodeo.","9/9/2020","200000","47530","85","['Animation', 'Short', 'Comedy']"
"Chloe (2009)","8/19/2020","200000","270","94","['Comedy', 'Crime']"
"Jarhead 2: Field of Fire","2/26/2021","200000","300","97","['Drama']"
"Star Trek: Deep Space Nine: Season 3","8/19/2020","200000","47530","85","['Comedy', 'Romance', 'Sport']"
"The Siege of Jadotville","1/17/2017","200000","80","94","['Comedy']"
"Os Parças","11/9/2018","200000","260","86","['Action', 'Adventure', 'Sci-Fi']"
"Resistance (2020)","12/7/2018","200000","650","90","['Animation', 'Short', 'Action']"
"Skater Girl","5/8/2020","200000","220","85","['Thriller']"
"The Incredible Hulk (1977)","8/29/2021","200000","75590","90","['Short', 'Action']"
"The Kominsky Method: Season 1","2/18/2018","200000","440","90","['Short', 'Comedy', 'Horror']"
"85 South: Ghetto Legends","10/9/2015","200000","75590","90","['Comedy', 'Drama']"
"Bleach (2004): Thousand-Year Blood War","3/29/2019","100000","122650","86","['Crime', 'Drama', 'History']"
"Fast & Furious Spy Racers: Season 1","2/28/2020","100000","110","87","['Short', 'Comedy']"
"I, Frankenstein","5/4/2021","100000","650","89","['Documentary', 'Crime', 'Mystery']"
"Llama Llama: Season 2","9/25/2019","100000","260","86","['Short', 'Crime']"
"Mythomaniac: Season 1 // Mytho: Saison 1","3/8/2021","100000","122650","86","['Comedy', 'Romance']"
"White Fang","2/27/2018","100000","122650","86","['Action', 'Adventure', 'Drama']"
"Ace Ventura: Pet Detective (1994)","10/1/2021","100000","122650","86","['Short']"
"Enemigo íntimo: Season 2","6/23/2020","100000","650","89","['Animation', 'Action', 'Adventure']"
"Quartet: Season 1 // カルテット: シーズン1","5/8/2018","100000","81650","87","['Drama', 'Romance']"
"Team Zenko Go: Season 2","6/14/2022","100000","650","90","['Documentary', 'History']"
"Centaurworld: Season 1","3/27/2020","100000","145920","92","['Drama', 'Thriller']"
"Jolt","9/22/2017","100000","75590","90","['Comedy', 'Drama', 'Romance']"
"17 Again","9/27/2019","100000","70","87","['Short', 'Thriller']"
"Here to Heart: Season 1 // 温暖的弦: 第 1 季","10/18/2019","100000","2370","93","['Animation', 'Action', 'Comedy']"
"How I Fell in Love with a Gangster // Jak pokochałam gangstera","5/31/2014","100000","80","87","['Crime', 'Drama']"
"Rhythm + Flow France: Season 1 // Nouvelle École: Saison 1","12/30/2022","622800000","145920","92","['Documentary', 'Crime']"
"The Ruins","1/14/2023","234800000","130","86","['Comedy', 'Drama', 'Romance']"
"Charmed (2018): Season 2","2/10/2023","163000000","226850","85","['Action', 'Comedy', 'Crime']"
"Como caído del cielo","12/21/2022","161100000","226850","85","['Documentary', 'Biography', 'Drama']"
"Justin Time GO!: Season 1","2/28/2022","120700000","2370","93","['Family']"
"My Octopus Teacher","4/21/2023","104500000","81650","87","['Horror', 'Thriller']"
"Robbing Mussolini // Rapiniamo il Duce","5/20/2022","97600000","650","89","['Horror', 'Mystery', 'Thriller']"
"Skylanders Academy: Season 2","8/16/2019","92500000","75590","90","['Action', 'Adventure', 'Fantasy']"
"SWORDGAI The Animation: Part I // ソードガイ The Animation: パートI","10/27/2022","90800000","220","85","['Comedy', 'Drama', 'Romance']"
"A Cinderella Story: Christmas Wish","3/17/2023","79700000","2370","93","['Comedy', 'Romance']"
"Home: Adventures with Tip & Oh: Season 2","2/3/2023","67500000","190","93","['Short', 'Drama', 'History']"
"New in Town","6/1/2023","60800000","580","85","['Biography', 'Comedy', 'Drama']"
"Queer Eye: Season 3","9/2/2016","38600000","145930","92","['Comedy']"
"The Last Laugh","4/30/2021","36900000","270","88","['Comedy', 'Romance']"
"Welcome Home Roscoe Jenkins","12/6/2019","35800000","340490","89","['Adventure', 'Drama', 'Family']"
"A Christmas Prince: The Royal Wedding","1/6/2023","34300000","480","93","['Drama']"
"Curon: Season 1","6/11/2015","32600000","94810","86","['Drama', 'Thriller']"
"Dirk Gently's Holistic Detective Agency: Season 2","6/14/2023","32400000","60","86","['Reality-TV']"
"Sharkdog's Fintastic Halloween","11/22/2017","29900000","360","85","['Comedy', 'Drama']"
"Under the Power: Season 1 // 錦衣之下 // 锦衣之下","5/24/2018","28400000","220","85","['Comedy']"
"Baby: Season 3","2/7/2020","27800000","145930","92","['Animation', 'Adventure', 'Comedy']"
"Dirty Money: Season 2","3/17/2023","27300000","230","87","['Documentary', 'Crime']"
"My Encounter with Evil: Season 1 // Mi encuentro con el mal: Season 1","12/7/2018","25700000","47550","85","['Drama', 'History', 'Thriller']"
"Story of My Family!!!: Season 1 // 俺の家の話: シーズン1","7/26/2013","24700000","650","89","['Comedy', 'Crime', 'Drama']"
"The Song of Names","5/24/2023","23600000","81650","87","['Animation', 'Adventure', 'Comedy']"
"Animal Kingdom: Season 5","1/1/2020","23000000","109070","85","['Family']"
"Aquarius (2015): Season 1","7/26/2019","23000000","117170","86","['Documentary', 'Crime']"
"Are You the One?: Season 6","11/8/2019","22900000","81650","87","['Horror', 'Mystery', 'Thriller']"
"Friday the 13th (2009)","2/24/2023","21700000","390","91","['Documentary']"
"The Minimighty Kids: Season 1 // Les Minijusticiers: The Minimighty Kids","3/16/2020","19100000","1220","88","['Animation', 'Action', 'Drama']"
"The Policeman's Lineage // 경관의 피","6/30/2022","19000000","650","89","['Comedy', 'Romance']"
"An Easy Girl // Une fille facile","12/14/2018","18300000","120","96","['Comedy', 'Drama', 'Music']"
"Athlete A","9/13/2022","18100000","2370","93","['Drama', 'Romance']"
"Barbie: A Mermaid Tale 2","12/7/2021","18000000","2370","93","['Comedy']"
"Captive (2015)","1/28/2022","17800000","650","89","['Crime', 'Drama']"
"Conan the Barbarian (1982)","8/26/2022","17600000","2370","93","['Comedy', 'Drama']"
"Despite Everything // A pesar de todo","10/27/2022","17500000","47550","85","['Documentary']"
"Killer Elite","6/17/2023","16900000","94810","86","['Horror', 'Mystery', 'Thriller']"
"Memories of a Murderer: The Nilsen Tapes","9/23/2020","16700000","75590","90","['Fantasy', 'Horror', 'Romance']"
"Mobile Suit Gundam: Iron-Blooded Orphans: Season 1 // 機動戦士ガンダム 鉄血のオルフェンズ: シーズン1","9/28/2018","16700000","650","89","['Drama', 'Romance']"
"Passengers (2016)","10/3/2022","16400000","1120","90","['Comedy', 'Romance']"
"The Misfit of Demon King Academy: Season 2 // 魔王学院の不適合者 ～史上最強の魔王の始祖、転生して子孫たちの学校へ通う～: シーズン2","1/25/2019","15700000","650","89","['Comedy', 'Drama', 'Music']"
"Black Earth Rising: Limited Series","8/27/2021","15100000","81650","87","['Reality-TV']"
"iBOY","10/27/2022","14200000","650","89","['Drama', 'Horror', 'Sci-Fi']"
"Iron Chef: Mexico: Season 1 // Iron Chef: México: Season 1","5/18/2022","14100000","650","89","['Short']"
"Merlí. Sapere Aude: Season 1","9/27/2019","13800000","145930","92","['Drama', 'Horror', 'Thriller']"
"Nothing Serious // 연애 빠진 로맨스","11/16/2022","13700000","94810","86","['Family', 'Comedy', 'Action']"
"Scream 4","1/11/2023","13600000","81650","87","['Animation', 'Adventure', 'Drama']"
"Sleepers (1996)","3/20/2020","13600000","80","94","['Documentary']"
"The Long River // 天下長河 // 天下长河","9/23/2018","13100000","145930","92","['Action', 'Drama', 'Fantasy']"
"Untold: The Girlfriend Who Didn't Exist","1/1/2020","12900000","650","89","['Animation', 'Short', 'Adventure']"
"Badhaai Do","7/30/2021","12600000","60","86","['Short']"
"Dragonheart: Battle for the Heartfire","10/27/2022","12200000","1120","90","['Biography', 'Drama', 'War']"
"Jessica Darling's It List","7/8/2022","12000000","13387350","90","['Action', 'Crime', 'Drama']"
"Madame Claude","10/7/2020","11900000","75590","90","['Animation', 'Adventure', 'Comedy']"
"The Next Karate Kid","6/13/2020","11400000","145930","92","['Animation', 'Family']"
"The Rental","2/16/2018","11400000","220","85","['Comedy', 'Drama']"
"The Secret Diary of an Exchange Student // Diários de Intercâmbio","2/27/2015","11400000","220","85","['Short']"
"The War Next-door: Season 1 // Guerra de vecinos: Temporada 1","6/4/2021","11400000","230","87","['Action', 'Adventure', 'Fantasy']"
"Upin&Ipin: Season 5","12/4/2020","11200000","50","94","['Action', 'Adventure', 'Drama']"
"Voice: Season 1 // สัมผัสเสียงมรณะ: ซีซั่น 1","2/14/2022","11200000","60","86","['Biography', 'Drama']"
"Anon","3/15/2019","11000000","19376390","90","['Short', 'Comedy']"
"Best Interest: Season 2 // 最佳利益: 第 2 季：決戰利益","12/15/2017","11000000","110","88","['Comedy', 'Drama', 'Fantasy']"
"Crazy Rich Asians","6/29/2022","10900000","145930","92","['Drama', 'Romance']"
"Into the Badlands: Season 2","9/13/2019","10500000","2370","93","['Documentary', 'Crime']"
"Poldark (2015): Season 1","5/14/2021","10100000","81650","87","['Documentary', 'History']"
"Under the Riccione Sun // Sotto il sole di Riccione","12/2/2022","9500000","650","89","['Documentary', 'Biography', 'Music']"
"Vampires vs. the Bronx","1/17/2020","9400000","81650","87","['Drama']"
"Velvet Buzzsaw","1/4/2020","9400000","28520","85","['Family', 'Musical', 'Animation']"
"Weddings, Christenings and Funerals // Nunti, botezuri, inmormantari","5/5/2021","9400000","250","87","['Drama', 'Horror', 'Sci-Fi']"
"Behave // Juízo","3/22/2019","9200000","145930","92","['Documentary']"
"Godzilla Singular Point: Season 1 // ゴジラ S.P＜シンギュラポイント＞: シーズン1","3/2/2018","8800000","130","86","['Documentary', 'Biography', 'Crime']"
"Green Frontier: Limited Series // Frontera verde: Miniserie","10/11/2022","8800000","650","89","['Documentary', 'Crime']"
"His House","9/28/2018","8700000","230","87","['Drama']"
"Lemony Snicket's A Series of Unfortunate Events","7/21/2021","8600000","145930","92","['Documentary']"
"Life is Beautiful // 인생은 아름다워","7/1/2021","8600000","220","85","['Short', 'Action']"
"My Next Guest Needs No Introduction With David Letterman: Season 4","7/26/2019","8500000","110","87","['Drama', 'Music']"
"Race (2016)","7/1/2016","8300000","90","93","['Documentary', 'Biography']"
"Ultimate Beastmaster: No Surrender","9/30/2022","8100000","230","87","['Drama', 'Thriller']"
"Velvet Colección: Season 2","5/23/2023","8100000","520","86","['Documentary']"
"Catastrophe: Season 1","5/31/2023","7800000","650","90","['Short']"
"High Seas: Season 3 // Alta mar: Temporada 3","11/24/2021","7600000","230","87","['Animation', 'Action', 'Adventure']"
"Jim Gaffigan: Comedy Monster","6/18/2021","7500000","39860","85","['Comedy']"
"Luna Park: Season 1","4/6/2022","7400000","650","90","['Comedy', 'Talk-Show']"
"The Net (1995)","3/10/2022","7000000","120","93","['Comedy']"
"Chief of Staff: Season 1 // 보좌관: 시즌 1","5/1/2015","6700000","120","85","['Drama', 'Romance']"
"Pocoyo: Season 1 // Pocoyó: Temporada 1","5/6/2022","6400000","690","87","['Adventure', 'Fantasy', 'Horror']"
"Tales of the City: Limited Series","1/31/2020","6200000","180","86","['Animation', 'Comedy', 'Drama']"
"The Game Changers (2018)","7/11/2022","6200000","38320","85","['Animation', 'Adventure', 'Drama']"
"The Mechanism: Season 2 // O Mecanismo: Temporada 2","9/21/2018","6100000","390","91","['Documentary', 'Music']"
"The Spanish Princess: Season 1","6/12/2020","6100000","650","89","['Documentary', 'Biography', 'Music']"
"True: Winter Wishes","8/1/2022","6000000","15140730","86","['Adventure', 'Comedy', 'Drama']"
"Urusei Yatsura: Season 1 // うる星やつら: シーズン1","5/11/2022","6000000","650","89","['Comedy']"
"Vico C // Vico C: La vida del filósofo","6/14/2019","6000000","81650","87","['Comedy', 'Drama', 'Romance']"
"XXX: State of the Union","10/21/2021","6000000","50","100","['Animation', 'Short', 'Comedy']"
"137 Shots","7/27/2022","6000000","140","87","['Short', 'Drama']"
"Fatma: Season 1","10/8/2021","5800000","220","85","['Short']"
"Gran Torino","12/7/2022","5800000","130","86","['Drama']"
"RED 2","11/24/2020","5500000","145930","92","['Drama', 'Thriller']"
"StarBeam: Season 4","7/29/2022","5400000","650","89","['Drama', 'Romance']"
"The Bridge: Season 1 // Bron: Säsong 1","10/15/2021","5400000","2370","93","['Short', 'Comedy', 'Musical']"
"The Four of Us // Du Sie Er & Wir","11/1/2019","5300000","1030","90","['Documentary', 'Biography', 'History']"
"Aggretsuko: Season 2 // アグレッシブ烈子: シーズン2","6/17/2022","5200000","145930","92","['Animation', 'Action', 'Adventure']"
"Are You the One?: Season 4","11/25/2022","5100000","120","93","['Documentary', 'Biography']"
"Battle: Freestyle","5/10/2019","5100000","70","100","['Biography', 'Comedy', 'Drama']"
"Fairy Tail: Season 4","8/17/2021","5000000","421080","86","['Animation', 'Short', 'Action']"
"Jeff Dunham: Beside Himself","4/6/2023","4900000","650","89","['Short', 'Comedy']"
"John Q","2/28/2019","4900000","81650","87","['Drama']"
"Journey to the Center of the Earth (2008)","5/27/2020","4900000","2370","93","['Documentary', 'Action', 'Crime']"
"Kath and Kim: Season 2","7/26/2022","4900000","75590","90","['Crime', 'Drama', 'Romance']"
"Light the Night: Part 1 // 華燈初上: 第 1 部 // 华灯初上: 第 1 部分","8/30/2019","4800000","81650","87","['Drama', 'Short']"
"Luce","7/1/2020","4800000","240","88","['Comedy']"
"Sara's Notebook // El cuaderno de Sara","10/19/2018","4700000","145920","92","['Comedy']"
"Shiny_Flakes: The Teenage Drug Lord","1/31/2014","4600000","130","97","['Comedy']"
"Small Crimes","8/4/2018","4600000","220","85","['Documentary', 'Short', 'Sport']"
"The Stand at Paxton County","3/26/2021","4400000","580","85","['Documentary']"
"Até Que A Sorte Nos Separe 3","10/19/2018","4300000","720","86","['Drama']"
"Birth of the Dragon","7/12/2019","4200000","23580","85","['Comedy', 'Talk-Show']"
"Motivos personales: Season 1","9/2/2022","3800000","145920","92","['Documentary', 'Music']"
"River Runs Red","10/16/2020","3700000","70","95","['Comedy']"
"The Devil Below","12/30/2017","3700000","145920","92","['Comedy']"
"American Psycho","6/17/2022","3500000","226870","85","['Comedy']"
"Captains: Season 1","7/14/2020","3400000","81650","87","['Comedy']"
"Hubert und Staller: Season 7 // Hubert & Staller: Staffel 7","4/28/2021","3200000","","","['Romance']"
"Kazoops!: Season 3","5/5/2021","3200000","650","89","['Short']"
"Kid Cosmic: Season 3","7/8/2020","3200000","60","86","['Horror']"
"Kumari","4/17/2020","3200000","270","88","['Crime', 'Drama']"
"LEGO Friends: Girls on a Mission: Season 4","9/28/2022","3200000","81650","87","['Documentary', 'Short']"
"Limitless (2011)","5/23/2022","3200000","650","89","['Short']"
"Master of None: Season 1","1/29/2020","3100000","270","94","['Drama', 'Western']"
"Mia and Me: Season 1","1/4/2020","3100000","180","94","['Drama', 'Horror', 'Sci-Fi']"
"More Than a Married Couple, But Not Lovers. // 夫婦以上、恋人未満。","9/24/2018","3100000","60","86","['Short', 'Comedy']"
"Mother Is Wrong: Season 1 // Maman a tort: Season 1","9/21/2022","3100000","70","90","['Action', 'Thriller']"
"New Year's Eve (2011)","12/20/2022","3100000","145910","92","['Documentary', 'Short']"
"Once Upon a Time in the West","11/8/2019","3100000","483700","85","['Drama']"
"ONE PIECE: Thriller Bark // ワンピース: スリラーバーク編","2/28/2020","3000000","270","88","['Action', 'Thriller']"
"Pororo & Fairy Tales: Season 1 // 뽀로로 동화나라: 시즌 1","12/9/2022","3000000","6201430","90","['Drama', 'History', 'War']"
"Pretty Little Liars (2010): Season 7","4/17/2020","3000000","2370","93","['Adventure', 'Family', 'Fantasy']"
"Rhyme Time Town Singalongs: Season 1","10/18/2019","3000000","70","87","['Short']"
"Schindler's List","3/10/2017","3000000","2370","93","['Comedy']"
"Shania Twain: Not Just a Girl","3/5/2021","3000000","650","89","['Short']"
"Sisters: Season 1","12/1/2022","3000000","650","89","['Documentary', 'Short']"
"Stellungswechsel","5/23/2022","3000000","560","93","['Action', 'Drama', 'History']"
"The Charming Stepmom: Season 1 // แม่มดเจ้าเสน่ห์: ซีซั่น 1","1/15/2021","2900000","650","89","['Animation', 'Short', 'Horror']"
"The Dark Tower","12/24/2019","2900000","2370","93","['Action', 'Drama', 'History']"
"The Girl in the Spider's Web","12/30/2020","2900000","360","85","['Documentary', 'Crime', 'History']"
"The Jackal","10/8/2021","2900000","6201430","90","['Short', 'Comedy']"
"The Mentalist: Season 1","12/8/2020","2900000","60","93","['Drama', 'Music', 'Romance']"
"The Secret of My Success (1987)","10/26/2022","2900000","220","90","['Comedy', 'Romance']"
"Valentine's Day (2010)","2/5/2020","2900000","23960","85","['Crime', 'Drama', 'Mystery']"
"What to Expect When You're Expecting","2/10/2017","2900000","560","93","['Crime', 'Drama']"
"Who Killed Little Gregory?: Limited Series // Grégory: Mini-série","6/14/2019","2800000","6201430","90","['Documentary', 'Biography']"
"African Folktales Reimagined","10/14/2016","2800000","70","87","['Animation', 'Action', 'Adventure']"
"All That (1995): Season 3","4/29/2022","2800000","6201430","90","['Talk-Show']"
"Ante Sundaraniki","3/8/2019","2800000","340470","89","['Comedy', 'Drama']"
"Attack on Finland","10/30/2020","2800000","6201430","90","['Biography', 'Drama', 'Romance']"
"Bakugan Legends: Season 5","11/13/2020","2800000","6201430","90","['Action', 'Adventure', 'Family']"
"Bennett's War","3/30/2018","2800000","2370","93","['Comedy', 'Crime', 'Mystery']"
"Bibi & Tina: Girls Versus Boys // Bibi & Tina: Mädchen gegen Jungs","10/12/2022","2700000","560","93","['Comedy', 'Drama', 'Horror']"
"Blown Away: Season 2","1/15/2021","2700000","560","93","['Talk-Show']"
"Buba","10/27/2020","2700000","2370","93","['Family', 'Musical', 'Animation']"
"Cem Yılmaz: Diamond Elite Platinum Plus","11/26/2021","2700000","70930","88","['Drama', 'Romance']"
"Chief of Staff: Season 2 // 보좌관: 시즌 2","7/2/2021","2700000","320","88","['Talk-Show']"
"Collateral Beauty","5/17/2019","2700000","2370","93","['Comedy', 'Drama']"
"Come Dine with Me: Series 12","2/2/2022","2700000","560","93","['Action', 'Adventure', 'Crime']"
"Cuori: Season 1","9/28/2018","2700000","70930","88","['Drama', 'Romance']"
"Dr. White: Season 1 // ドクターホワイト: シーズン1","11/24/2021","2600000","560","93","['Short']"
"Fresh Meat: Series 1","6/30/2023","2600000","2370","93","['Biography', 'Crime', 'Drama']"
"Geng: The Adventure Begins // Geng: Pengembaraan bermula","10/9/2020","2600000","90","99","['Short', 'Drama', 'War']"
"Identity (2003)","9/8/2017","2600000","100","86","['Drama', 'Mystery', 'Thriller']"
"Irreplaceable: Season 1 // Walang Hanggang Paalam: Season 1","1/31/2015","2600000","633760","86","['Short']"
"Magic for Humans: Season 1","3/8/2019","2500000","270","88","['Short']"
"Malignant (2021)","3/8/2022","2500000","650","89","['Action', 'Adventure', 'Drama']"
"Mother Nanny // Inang Yaya","11/17/2021","2500000","420","95","['Adventure', 'Comedy', 'Drama']"
"The Boarding School: Season 7 // El Internado: Temporada 7","6/23/2017","2300000","270","88","['Family', 'History', 'Sport']"
"The Mechanic (2011)","4/30/2021","2300000","70","87","['Comedy']"
"The Sky Is Pink // द स्काय इज़ पिंक","6/21/2023","2300000","270","88","['Horror']"
"The Thundermans: Season 3","2/16/2022","2300000","220","85","['Documentary', 'Crime', 'Mystery']"
"Two Sentence Horror Stories: Season 3","1/1/2019","2300000","2370","93","['Comedy', 'Drama', 'Fantasy']"
"Un medico in famiglia: Stagione 1","10/5/2022","2300000","321950","85","['Action', 'Fantasy', 'Horror']"
"Watcher (2022)","8/10/2022","2200000","650","89","['Drama']"
"86 EIGHTY-SIX: Season 1 // 86―エイティシックス―: シーズン1","8/20/2022","2200000","110","87","['Drama', 'Horror', 'Thriller']"
"Arlo the Alligator Boy","7/12/2022","2200000","75590","90","['Animation', 'Adventure', 'Comedy']"
"Barbie in the Pink Shoes","8/20/2021","2200000","81650","87","['Short', 'Horror']"
"Bareilly Ki Barfi // बरेली की बर्फी","8/9/2019","2200000","220","85","['Animation', 'Short', 'Adventure']"
"Beast (Telugu) (2022)","8/10/2018","2200000","650","89","['Horror', 'Mystery', 'Thriller']"
"Biggie: I Got a Story to Tell","12/9/2020","2200000","650","89","['Animation', 'Adventure', 'Comedy']"
"Contos Clássicos com a Galinha Pintadinha: Season 1","1/29/2019","2100000","75590","90","['Adventure', 'Comedy', 'Family']"
"Doctor (Tamil) (2021)","12/29/2017","2100000","580","85","['Drama']"
"Doraemon the Movie: Nobita's Great Adventure in the Antarctic Kachi Kochi // 映画ドラえもん のび太の南極カチコチ大冒険","6/16/2023","2100000","81650","87","['Horror']"
"Forgetting Sarah Marshall","4/21/2021","2100000","75590","90","['Thriller']"
"Full House (1987): Season 3","4/19/2019","2000000","75590","90","['Comedy', 'Drama', 'Romance']"
"Jogi // जोगी","2/8/2016","2000000","220","85","['Comedy', 'Drama', 'History']"
"Liar, Liar, Vampire","2/1/2019","2000000","122650","86","['Documentary', 'Short', 'Sport']"
"Mobile Suit Gundam Hathaway // 機動戦士ガンダム 閃光のハサウェイ","3/24/2021","1900000","122650","86","['Comedy', 'Romance']"
"Monster High: Freaky Fusion","5/14/2021","1900000","483710","85","['Action', 'Biography', 'Drama']"
"More than Blue: The Series: Season 1 // 比悲傷更悲傷的故事：影集版: 第 1 季 // 比悲伤更悲伤的故事：影集版: 第 1 季","10/30/2020","1900000","15140270","86","['Action', 'Mystery', 'Thriller']"
"Skins (2007): Vol. 5","11/22/2019","1800000","220","85","['Drama']"
"The Divine Fury // 사자","1/25/2019","1800000","145920","92","['Biography', 'Drama', 'History']"
"Wet Hot American Summer: First Day of Camp: Season 1","8/12/2020","1700000","650","90","['Comedy', 'Drama', 'Family']"
"71","9/2/2021","1700000","580","85","['Short']"
"Asterix: The 12 Tasks // Les douze travaux d'Astérix","1/1/2021","1700000","81650","87","['Drama', 'Romance', 'Sci-Fi']"
"Champions: Season 1","11/11/2022","1600000","145920","92","['Animation', 'Adventure', 'Comedy']"
"Criminal: Germany: Limited Series // Criminal: Deutschland: Miniserie","2/14/2018","1600000","130","86","['Comedy', 'Romance']"
"Defendant: Season 1 // 피고인: 시즌 1","6/14/2015","1600000","81650","87","['Action', 'Adventure', 'Thriller']"
"Deliha 2","10/3/2021","1600000","81650","87","['Short']"
"Enforcement","2/25/2022","1600000","650","89","['Animation', 'Short', 'Action']"
"Física o Química: Season 2","6/19/2020","1500000","220","85","['Documentary', 'Sport']"
"He's Expecting: Season 1 // ヒヤマケンタロウの妊娠: シーズン1","6/29/2018","1500000","260","86","['Drama']"
"He’s Into Her: Season 1","9/24/2019","1500000","483710","85","['Game-Show', 'Reality-TV']"
"I Give It a Year","3/28/2023","1500000","75590","90","['Action', 'Adventure', 'Drama']"
"If I Leave Here Tomorrow: A Film About Lynyrd Skynyrd","2/10/2017","1500000","483710","85","['Documentary']"
"Kakegurui: Season 1 // 賭ケグルイ: シーズン1","5/26/2018","1500000","2370","93","['Action', 'Crime', 'Drama']"
"Karma's World: Season 3","3/2/2022","1500000","122650","86","['Short', 'Fantasy']"
"Killers (2010)","10/28/2022","1500000","100","86","['Action', 'Drama', 'Thriller']"
"Kumanthong 2: Jackpot Island // Đảo Độc Đắc - Tử mẫu Thiên linh cái","11/27/2020","1500000","580","85","['Documentary', 'Biography', 'Crime']"
"Merkel // Merkel - Macht der Freiheit","11/1/2019","1500000","47530","85","['Documentary']"
"My Brother, My Sister // Mio fratello, mia sorella","2/6/2020","1400000","270","94","['Documentary', 'Drama']"
"Overlord IV // オーバーロードⅣ","7/21/2017","1400000","300","97","['Horror']"
"Shameless: Series 11","6/15/2017","1400000","47530","85","['Animation', 'Adventure', 'Comedy']"
"The Boarding School: Season 4 // El Internado: Temporada 4","9/17/2020","1300000","80","94","['Short']"
"Totally Spies!: Season 1","11/1/2019","1300000","260","86","['Thriller']"
"Two Lovers and a Bear","12/10/2021","1300000","650","90","['Action', 'Adventure', 'Comedy']"
"Vantage Point","2/12/2021","1300000","220","85","['Reality-TV']"
"Wild Things","9/23/2016","1200000","75590","90","['Game-Show', 'Reality-TV']"
"You Me Her: Season 3","10/13/2021","1200000","440","90","['Documentary', 'Biography', 'Drama']"
"Ace Ventura: When Nature Calls","8/31/2016","1200000","75590","90","['Short']"
"American Underdog: The Kurt Warner Story","2/5/2020","1200000","122650","86","['Short', 'Comedy']"
"Bikram: Yogi, Guru, Predator","1/5/2021","1200000","110","87","['Animation', 'Action', 'Adventure']"
"Bratz: The Movie","10/5/2018","1200000","650","89","['Short', 'Drama', 'Western']"
"Catastrophe: Season 4","6/14/2019","1200000","260","86","['Action']"
"Charlie's Colorforms City: Miss Weather and Friends","8/12/2016","1200000","122650","86","['Animation', 'Adventure', 'Comedy']"
"Elle (2016)","11/15/2019","1100000","122650","86","['Comedy', 'Drama', 'Music']"
"Empire State (2013)","11/12/2020","1100000","122650","86","['Short', 'Comedy', 'Drama']"
"Franco: The Brutal Truth about Spain’s Dictator // Die Wahrheit über Franco - Spaniens vergessene Diktatur","5/29/2015","1100000","650","89","['Action', 'Comedy']"
"Homeland: Season 7","1/16/2020","1100000","81650","87","['Action', 'Adventure', 'Family']"
"I Told Sunset About You: Season 1 // แปลรักฉันด้วยใจเธอ Part 1: ซีซั่น 1","12/14/2021","1100000","650","90","['Animation', 'Comedy', 'Drama']"
"Look Who's Talking Now","4/29/2016","1000000","145920","92","['Animation', 'Short', 'Action']"
"Masameer County: Season 1 // محافظة مسامير: مسامير","5/15/2020","1000000","75590","90","['Drama']"
"Robin-B-Hood // 寶貝計劃 // 宝贝计划","7/12/2019","900000","70","87","['Action', 'Adventure', 'Sci-Fi']"
"Thalaikoothal","9/1/2021","900000","2370","93","['Animation', 'Family']"
"The Batman: Season 3","7/20/2022","900000","80","87","['Comedy']"
"The Night Before (2015)","5/17/2019","900000","145920","92","['Documentary', 'Short']"
"The Witches (2020)","8/27/2021","900000","130","86","['Drama', 'Mystery', 'Romance']"
"Untold: Crime & Penalties","9/16/2016","800000","226850","85","['Comedy', 'Music']"
"Upin&Ipin: Season 8","10/18/2018","800000","226850","85","['Drama']"
"You Me Her: Season 4","5/5/2017","800000","2370","93","['Documentary', 'Short']"
"A Twelve Year Night // La noche de 12 años","3/22/2022","800000","81650","87","['Documentary', 'Crime']"
"Als de dijken breken: Season 1","5/12/2017","800000","650","89","['Documentary', 'Crime', 'Sport']"
"Anne+: The Film // Anne+: De film","9/30/2022","800000","75590","90","['Animation', 'Adventure', 'Comedy']"
"Asoka // अशोका","9/6/2022","800000","220","85","['Animation', 'Action', 'Adventure']"
"Blades of Glory","1/15/2021","800000","2370","93","['Crime']"
"Classroom of the Elite: Season 1 // ようこそ実力至上主義の教室へ: 1st Season","11/18/2016","700000","190","93","['Comedy', 'Crime', 'Drama']"
"Degrassi: Next Class: Season 4","1/10/2020","700000","580","85","['Documentary', 'Comedy']"
"My Big Fat Greek Wedding","4/12/2019","600000","145930","92","['Documentary', 'Crime']"
"Old Henry","9/2/2016","600000","270","88","['Animation', 'Action', 'Adventure']"
"Pension Metsä: Season 1 // ペンションメッツァ: シーズン1","11/3/2020","600000","340490","89","['Comedy', 'Fantasy', 'Horror']"
"Qin Dynasty Epic: Season 1 // 大秦賦: 第 1 季 // 大秦赋: 第 1 季","3/25/2021","600000","480","93","['Comedy', 'Crime']"
"Shimla Mirchi // शिमला मिर्ची","10/21/2016","600000","94810","86","['Crime', 'Drama', 'Romance']"
"Sick Note: Season 2","12/12/2013","600000","60","86","['Action', 'Crime', 'Drama']"
"The Immaculate Room","5/30/2014","500000","360","85","['Adventure', 'Biography', 'Drama']"
"Tijuana: Season 1","8/4/2022","500000","220","85","['Animation', 'Short', 'Adventure']"
"Twin Sisters // De Tweeling","6/3/2022","500000","145930","92","['Animation', 'Short']"
"We Are Family // वी आर फ़ैमिली","11/10/2021","500000","230","87","['Horror', 'Thriller']"
"AI Love You // เอไอหัวใจโอเวอร์โหลด","4/6/2018","400000","47550","85","['Action', 'Crime', 'Drama']"
"Attack of the Hollywood Clichés!","10/27/2017","400000","650","89","['Drama', 'Horror', 'Thriller']"
"Carriers","12/21/2019","400000","81650","87","['Thriller']"
"Criminal (2016)","11/23/2021","400000","109070","85","['Comedy', 'Romance']"
"Crying Ladies","1/28/2022","400000","117170","86","['Animation']"
"Daniel Sloss: Live Shows: Season 1","9/18/2015","400000","81650","87","['Adventure', 'Comedy', 'Sci-Fi']"
"Estômago: A Gastronomic Story // Estômago","7/12/2019","400000","390","91","['Short', 'Music']"
"Ketenpere","6/21/2018","400000","1220","88","['Action', 'Adventure', 'Sci-Fi']"
"Kingdom // キングダム","9/7/2018","300000","650","89","['Documentary', 'Short']"
"LEGO Jurassic World: Secret Exhibit: Season 1","10/12/2021","300000","120","96","['Horror']"
"Life in Pieces: Season 3","10/12/2021","300000","2370","93","['Documentary', 'Sport']"
"Lipgloss Spy: Season 1 // สายลับลิปกลอส: ซีซั่น 1","2/14/2019","300000","2370","93","['Comedy', 'Drama']"
"Lords of Scam // Les Rois de l’arnaque","5/10/2019","300000","650","89","['Animation', 'Adventure', 'Drama']"
"Luccas Neto in: The End of Christmas // Luccas Neto em: O Fim do Natal","7/31/2018","300000","2370","93","['Animation', 'Comedy', 'Romance']"
"Mary Shelley","10/12/2018","300000","47550","85","['Action', 'Biography', 'Drama']"
"My Heroic Husband: Season 1 // 赘婿: 第一季","10/26/2018","300000","94810","86","['Drama', 'Romance']"
"Neal Brennan: Blocks","2/4/2022","300000","75590","90","['Drama', 'Horror', 'Thriller']"
"Nerve (2016)","2/2/2018","300000","650","89","['Documentary', 'Crime']"
"One Born Every Minute (2010): Season 2","10/1/2019","300000","1120","90","['Comedy', 'Romance']"
"Secreto bien guardado: Season 1","12/8/2020","300000","650","89","['Comedy', 'Romance']"
"Sparking Joy: Season 1","8/31/2018","300000","81650","87","['Drama', 'Horror', 'Thriller']"
"The Art of War","4/10/2020","200000","650","89","['Documentary', 'Short', 'Crime']"
"The Break: Season 1 // La Trêve: Saison 1","11/27/2018","200000","650","89","['Crime', 'Drama', 'Thriller']"
"The Heroic Legend of Arslan: Season 1 // アルスラーン戦記: シーズン1","3/25/2020","200000","145930","92","['Short', 'Adventure']"
"The King’s Case Note // 임금님의 사건수첩","2/1/2019","200000","94810","86","['Horror', 'Thriller']"
"The Neighbor: Season 1 // El vecino: Temporada 1","6/10/2022","200000","81650","87","['Drama', 'Horror', 'Sci-Fi']"
"The Roundup // 범죄도시2","1/25/2019","200000","80","94","['Documentary', 'Comedy']"
"Torbaaz // तोरबाज़","1/23/2015","200000","145930","92","['Comedy', 'Crime', 'Western']"
"Ummah - Unter Freunden","4/25/2019","200000","650","89","['Game-Show', 'Reality-TV']"
"Vir Das: Landing","12/10/2019","200000","60","86","['Short']"
"A Breath of Fresh Air // Una boccata d'aria","10/14/2021","200000","1120","90","['Documentary', 'Music']"
"Afwaah // अफ़वाह","9/27/2018","200000","13387350","90","['Documentary']"
"Ante Sundaraniki (Tamil)","8/4/2020","200000","75590","90","['Comedy', 'Fantasy', 'Horror']"
"Chappelle's Home Team - Earthquake: Legendary","1/26/2020","200000","145930","92","['Comedy', 'Drama', 'Fantasy']"
"Charlie's Colorforms City: The Lost Valentines Musical","11/5/2021","200000","220","85","['Family', 'Fantasy', 'Musical']"
"Che bella giornata","1/30/2020","200000","220","85","['Action', 'Adventure', 'Drama']"
"Children of Men","6/26/2021","200000","230","87","['Animation']"
"Code Lyoko: Season 1","8/23/2019","100000","50","94","['Short']"
"Come un gatto in tangenziale","12/7/2018","100000","60","86","['Crime', 'Drama']"
"Cuckoo: Season 5","12/17/2020","100000","19376390","90","['Drama']"
"Danger Mouse: Season 2","10/29/2019","100000","110","88","['Drama']"
"Dino Girl Gauko: Season 1 // 恐竜少女ガウ子: シーズン1","10/8/2020","100000","145930","92","['Comedy', 'Family', 'Talk-Show']"
"Fever Dream // Distancia de rescate","12/1/2019","100000","2370","93","['Animation', 'Action', 'Adventure']"
"Harley Quinn: Season 2","2/16/2019","100000","81650","87","['Short']"
"Kaguya-sama: Love Is War? (2019) // かぐや様は告らせたい? ～天才たちの恋愛頭脳戦～","4/16/2020","100000","650","89","['Drama']"
"Kath & Kim: 20th Anniversary Specials","11/25/2016","100000","81650","87","['Animation', 'Adventure', 'Fantasy']"
"Kathleen Madigan: Bothering Jesus","4/6/2022","100000","28520","85","['Documentary', 'Reality-TV', 'Romance']"
"Kickstart Fitness with the Basics: Volume 1","9/30/2019","100000","250","87","['Comedy', 'Crime']"
"Liver or Die // 왜그래 풍상씨","10/17/2017","100000","145930","92","['Action', 'Comedy', 'Drama']"
"Morocco: Love in Times of War: Season 1 // Tiempos de guerra: Temporada 1","10/2/2020","100000","130","86","['Short']"
"Mr. Osomatsu: Season 1 // おそ松さん: シーズン1","8/11/2022","100000","650","89","['Animation', 'Fantasy', 'Sci-Fi']"
"Neon Lights","4/1/2021","100000","230","87","['Documentary', 'Drama']"
"Oru Thekkan Thallu Case","12/2/2018","100000","145930","92","['Animation', 'Comedy', 'Drama']"
"Pad Man","4/7/2021","100000","220","85","['Documentary', 'Comedy']"
"Players // प्लेयर्स","5/16/2017","100000","110","87","['Documentary', 'Crime']"
"Red Riding Hood (2011)","1/29/2021","100000","90","93","['Documentary', 'Crime']"
"Solitary Gourmet: Season 9 // 孤独のグルメ: シーズン9","5/12/2023","249900000","230","87","['Comedy', 'Drama', 'Music']"
"South of Heaven","1/14/2023","234800000","520","86","['Short', 'History']"
"The Bye Bye Man","6/29/2022","135900000","650","90","['Animation']"
"The November Man","8/16/2019","92500000","230","87","['Animation', 'Short', 'Family']"
"The Three Deaths of Marisela Escobedo // Las tres muertes de Marisela Escobedo","11/15/2022","85400000","39860","85","['Comedy', 'Talk-Show']"
"The Zoya Factor // द ज़ोया फ़ैक्टर","12/25/2022","81000000","650","90","['Comedy', 'Drama']"
"A Secret Love","5/11/2023","53500000","120","93","['Drama', 'Romance']"
"Be My Dad! // Szia Életem!","9/3/2021","44700000","120","85","['Crime', 'Drama']"
"Come Dine Champion of Champions: Season 1","6/6/2014","38300000","690","87","['Comedy', 'Music']"
"Derek: Season 2","6/17/2021","35500000","180","86","['Comedy', 'Drama', 'Family']"
"Doctor X Surgeon Michiko Daimon 3 // ドクターX ～外科医・大門未知子～ (2014)","4/10/2023","34200000","38320","85","['Animation', 'Short', 'Adventure']"
"Dream Horse","7/19/2019","33700000","390","91","['Drama', 'Romance']"
"El rey del sapo","11/15/2020","33100000","650","89","['Comedy', 'Drama', 'Romance']"
"End Game","9/2/2022","32400000","15140730","86","['Biography', 'Drama']"
"Escort in Love // Nessuno mi può giudicare","6/14/2023","32400000","650","89","['Comedy']"
"Eternal Sunshine of the Spotless Mind","10/15/2021","32300000","81650","87","['Comedy']"
"Everything But a Man","10/5/2022","32100000","50","100","['Drama', 'Mystery', 'Thriller']"
"Fall for you: Season 1 // 네가 빠진 세계: 시즌1","10/7/2022","31900000","140","87","['Comedy']"
"Hell Trip","3/18/2022","29700000","220","85","['Comedy', 'Music', 'Romance']"
"Holiday Rush","6/9/2023","29400000","130","86","['Short']"
"Kukuli: Season 1","9/13/2019","27100000","145930","92","['Documentary', 'Crime']"
"LEGO Bionicle: The Journey to One: Season 2","9/17/2021","26300000","650","89","['Documentary', 'Music']"
"Line of Duty: Season 1","6/8/2022","25700000","2370","93","['Animation', 'Adventure', 'Comedy']"
"Lockdown (2021)","6/23/2023","25400000","1030","90","['Comedy', 'Drama']"
"Maybe Today // Ngayon kaya","6/23/2023","24000000","145930","92","['Documentary', 'Biography']"
"Mishan Impossible","4/28/2021","23500000","120","93","['Comedy']"
"Monty Python's Almost the Truth: The Lawyer's Cut","9/13/2019","23300000","70","100","['Comedy']"
"No Country for Old Men","1/31/2023","22100000","421080","86","['Documentary', 'Short']"
"Parugu","2/4/2022","21100000","650","89","['Horror', 'Thriller']"
"Patriot Games","2/16/2022","21100000","81650","87","['Drama']"
"Pen Tor 2019: Season 2 // เป็นต่อ 2019: ที่สุดของปี 2019 ซีซั่น 2","4/21/2023","21000000","2370","93","['Drama', 'Sport']"
"Police in a Pod: Season 1 // ハコヅメ～交番女子の逆襲～: シーズン1","12/3/2021","20800000","75590","90","['Comedy']"
"Prokurator: Season 1","1/27/2023","20600000","81650","87","['Documentary', 'Animation', 'Short']"
"Pwera usog","11/7/2017","20500000","240","88","['Comedy']"
"Sisters (2015)","1/31/2020","18800000","145920","92","['Documentary', 'Short', 'Sport']"
"Something to Hide: Season 1 // Le Mensonge: Season 1","1/10/2020","18500000","130","97","['Adventure', 'Comedy', 'Drama']"
"Spirit Riding Free: Pony Tales: Collection 1","5/14/2021","18400000","220","85","['Short', 'Drama', 'History']"
"The Break: Season 2 // La Trêve: Saison 2","1/26/2023","17400000","580","85","['Comedy', 'Drama', 'Romance']"
"The Mentalist: Season 7","10/3/2022","16400000","720","86","['Crime', 'Drama', 'Horror']"
"The Real Housewives of Beverly Hills: Season 1","12/29/2022","16000000","23580","85","['Drama']"
"2 Weeks in Lagos","12/16/2022","13800000","145920","92","['Comedy']"
"All Out!! (2016): オールアウト!!","9/30/2022","13500000","70","95","['Game-Show', 'Reality-TV']"
"Ask Us Anything Fortune Teller: 2021-2022 // 무엇이든 물어보살: 2021-2022","4/29/2021","13000000","145920","92","['Documentary']"
"Carbon // Carbone","1/28/2022","11900000","226870","85","['Documentary']"
"Christmas Flow: Season 1","12/28/2022","11600000","81650","87","['Documentary', 'Comedy']"
"Doctor X Surgeon Michiko Daimon 6 // ドクターX ～外科医・大門未知子～ (2019)","9/10/2020","11000000","","","['Adventure', 'Comedy', 'Family']"
"Duck Butter","8/23/2018","10900000","650","89","['Crime', 'Horror', 'Mystery']"
"Duplicate // डुप्लीकेट","4/5/2023","10900000","60","86","['Documentary']"
"Eega","12/16/2022","10800000","270","88","['Documentary', 'Crime']"
"Elite Short Stories: Carla Samuel: Season 1 // Élite historias breves: Carla Samuel: Temporada 1","11/15/2022","10800000","81650","87","['Action', 'Adventure', 'Drama']"
"Ender's Game","2/18/2022","10800000","650","89","['Comedy']"
"Fairies Albums: Season 2 // 百妖譜: 第 2 季 // 百妖谱: 第二季","12/15/2017","10700000","270","94","['Short', 'Comedy']"
"Fairy Tail: Season 8","5/8/2023","10600000","180","94","['Comedy', 'Drama', 'Horror']"
"Final Destination 2","9/13/2019","10500000","60","86","['Action', 'Adventure', 'Drama']"
"Finder's Fee","3/1/2019","10500000","70","90","['Drama']"
"Fullmetal Alchemist: Brotherhood: Part 4 // 鋼の錬金術師 Fullmetal Alchemist: パート4","12/28/2021","10400000","145910","92","['Reality-TV']"
"Gandhi","8/30/2019","10300000","483700","85","['Drama', 'History', 'War']"
"Gangster's Paradise: Jerusalema","9/25/2019","10300000","270","88","['Animation', 'Adventure', 'Comedy']"
"Gogglebox: Season 5","4/26/2019","10200000","6201430","90","['Documentary', 'Crime']"
"Gogglebox: Season 8","7/27/2018","10200000","2370","93","['Action', 'Adventure', 'Crime']"
"Green Zone","5/14/2021","10100000","70","87","['Short']"
"Halbe Brüder","11/16/2018","10100000","2370","93","['Comedy']"
"Hanni & Nanni 4 // Hanni & Nanni: Mehr als beste Freunde","9/18/2020","10000000","650","89","['Comedy', 'Drama']"
"Hannibal Rising","2/8/2019","10000000","650","89","['Action', 'Comedy', 'Drama']"
"He's Out There","11/23/2018","9900000","560","93","['Short']"
"Hip-Hop Evolution: Season 1","1/18/2019","9700000","650","89","['Mystery', 'Thriller']"
"Hip-Hop Evolution: Season 2","2/9/2022","9700000","2370","93","['Action', 'Adventure', 'Drama']"
"How do you like Wednesday?: Build a House in Hokkaido (2019) // 水曜どうでしょう: 北海道で家､建てます (2019)","6/29/2018","9700000","360","85","['Short', 'Documentary']"
"I Know Who Killed Me","5/3/2023","9600000","6201430","90","['Crime', 'Drama']"
"Imperial Dreams","7/19/2019","9600000","60","93","['Comedy', 'Drama', 'Romance']"
"Ingress: The Animation: Season 1","12/7/2018","9500000","220","90","['Crime', 'Drama', 'Mystery']"
"It's me against you - The mystery of the spellbound school // Me contro te - Il mistero della scuola incantata","12/13/2022","9400000","23960","85","['Documentary', 'Crime']"
"Jackpot // Tři Tygři ve filmu: JACKPOT","4/6/2020","9300000","560","93","['Action', 'Thriller']"
"Janet King: Season 1","12/14/2018","9300000","6201430","90","['Animation', 'Adventure', 'Comedy']"
"Katteri","4/20/2023","9200000","70","87","['Short']"
"Keith Richards: Under the Influence","2/15/2023","9100000","6201430","90","['Reality-TV']"
"Khan Kluay // ก้านกล้วย","9/2/2022","9100000","340470","89","['Comedy', 'Drama', 'Romance']"
"Kingdom ~ The Man Who Became the Top ~: Season 1 // キングダム～首領になった男～: シーズン1","1/15/2020","9100000","6201430","90","['Comedy', 'Crime', 'Mystery']"
"Lady Vengeance // 친절한 금자씨","6/15/2018","9100000","6201430","90","['Comedy', 'Drama', 'Romance']"
"Last Tango in Halifax: Season 4","10/16/2018","9000000","2370","93","['Documentary', 'Short', 'Sport']"
"Le Marginal","2/10/2021","9000000","560","93","['Comedy']"
"LEGO City Spaced Out","11/3/2017","8900000","560","93","['Documentary', 'Short']"
"Les municipaux, ces héros","11/17/2017","8900000","2370","93","['Short', 'Comedy']"
"Living in Bondage: Breaking Free","3/2/2018","8800000","70930","88","['Short']"
"Long Shot (2019)","9/23/2016","8800000","320","88","['Drama', 'Romance']"
"Love Actually (2003)","9/21/2022","8800000","2370","93","['Short', 'Romance']"
"Love Island Australia: Season 3","7/8/2016","8800000","560","93","['Action', 'Comedy', 'Crime']"
"Made in Abyss: The Golden City of the Scorching Sun // メイドインアビス: 烈日の黄金郷","3/6/2023","8700000","70930","88","['Short']"
"Mard Ko Dard Nahi Hota // मर्द को दर्द नहीं होता","3/12/2021","8600000","560","93","['Biography', 'Drama', 'Sport']"
"Memories of Love // 一路繁花相送","9/25/2020","8500000","2370","93","['Short', 'Drama']"
"Mexican Gangster // El Más Buscado","12/7/2022","8500000","90","99","['Short', 'Sport']"
"Mother // 마더","11/19/2021","8300000","100","86","['Short', 'Comedy']"
"Mucho Mucho Amor: The Legend of Walter Mercado","2/20/2015","8300000","633760","86","['Adventure', 'Comedy', 'Drama']"
"Nina: Season 4","5/15/2020","8200000","270","88","['Drama', 'Horror', 'Thriller']"
"Nisman: The Prosecutor, the President, and the Spy: Season 1 // Nisman: El fiscal, la presidenta y el espía: Temporada 1","6/19/2020","8100000","650","89","['Short', 'Comedy']"
"Nowhere Man: Season 1 // 罪夢者: 第 1 季 // 罪梦者: 第 1 季","4/20/2022","8000000","420","95","['Comedy', 'Romance']"
"Rajma Chawal // राजमा चावल","6/17/2021","7600000","270","88","['Documentary', 'Short']"
"Robinson Crusoe (2016)","4/14/2021","7500000","70","87","['Comedy', 'Crime', 'Drama']"
"Russell Peters: Almost Famous","2/25/2019","7500000","270","88","['Comedy', 'Drama', 'Fantasy']"
"Samba (2014)","5/18/2018","7400000","220","85","['Drama', 'Mystery', 'Thriller']"
"Search Party (2014)","3/20/2020","7400000","2370","93","['Action', 'Adventure', 'Thriller']"
"Searching for Bobby Fischer","3/30/2021","7400000","321950","85","['Animation', 'Action', 'Family']"
"Serenity","11/27/2020","7400000","650","89","['Action', 'Adventure', 'Comedy']"
"Single Street // Singel 39","6/3/2019","7300000","110","87","['Short', 'Drama', 'Family']"
"Sound! Euphonium 2 // 響け! ユーフォニアム 2","7/16/2020","7200000","75590","90","['Horror', 'Mystery', 'Thriller']"
"Stand Out: An LGBTQ+ Celebration","6/15/2018","7200000","81650","87","['Drama', 'Horror', 'Thriller']"
"Step Up: Revolution","11/23/2022","7200000","220","85","['Action', 'Drama', 'History']"
"Stir of Echoes","8/2/2019","7100000","650","89","['Animation', 'Short', 'Comedy']"
"Stories of a Generation - with Pope Francis: Limited Series","9/14/2018","7100000","650","89","['Drama', 'Horror', 'Mystery']"
"Switch // 天機·富春山居圖 // 天机·富春山居图","1/16/2023","7000000","75590","90","['Documentary', 'Short']"
"Team Foxcatcher","11/22/2018","7000000","580","85","['Comedy', 'Drama', 'Music']"
"Teefa in Trouble","2/21/2020","7000000","81650","87","['Animation', 'Family', 'Short']"
"The Crooked Man (2016)","3/2/2023","6800000","75590","90","['Action', 'Adventure', 'History']"
"The Deceived: Series 1","4/8/2022","6800000","75590","90","['Drama']"
"The Neighbor: Season 2 // El vecino: Temporada 2","5/30/2017","6500000","220","85","['Comedy', 'Romance']"
"The Queen of Spain // La reina de España","3/28/2016","6500000","122650","86","['Drama', 'Mystery', 'Thriller']"
"The Wolfman","8/18/2017","6400000","122650","86","['Biography', 'Drama', 'History']"
"Thibaan The Series 2.1 // ไทบ้านเดอะซีรีส์ 2.1","7/8/2022","6300000","483710","85","['Drama', 'Horror', 'Mystery']"
"Three (Telugu) (2012)","2/14/2018","6300000","15140270","86","['Comedy', 'Crime', 'Drama']"
"Vai que Dá Certo 2","7/18/2022","6100000","220","85","['Documentary', 'Crime', 'Mystery']"
"Woochi // 전우치","3/5/2020","5900000","145920","92","['Animation', 'Action', 'Adventure']"
"A Man for the Weekend","4/23/2020","5800000","650","90","['Musical', 'Short']"
"A Walk to Remember","7/22/2020","5700000","580","85","['Documentary', 'Biography']"
"Al Kabeer: Season 1 // الكبير أوي: Season 1","2/24/2021","5600000","81650","87","['Short', 'Music']"
"Animas // Ánimas","4/11/2019","5500000","145920","92","['Documentary', 'Biography', 'Sport']"
"Asterix: The Secret of the Magic Potion // Astérix: Le secret de la potion magique","3/6/2020","5500000","130","86","['Documentary', 'Biography']"
"Ayyad in Riyadh // عياض في الرياض","7/13/2022","5400000","81650","87","['Comedy', 'Romance']"
"Azali","12/17/2021","5400000","81650","87","['Comedy']"
"Basketball or Nothing: Limited Series","10/15/2021","5400000","650","89","['Documentary', 'Sport']"
"Benvenuti al nord","8/25/2021","5300000","220","85","['Drama']"
"Blade: Trinity","7/15/2022","5200000","260","86","['Action', 'Adventure', 'Drama']"
"Blood Blockade Battlefront // 血界戦線","2/1/2019","5200000","483710","85","['Documentary']"
"BoBoiBoy: The Movie","6/17/2022","5200000","75590","90","['Documentary', 'Short', 'Action']"
"Boomika (Telugu)","12/2/2021","5200000","483710","85","['Short', 'Musical']"
"Bring It On: Worldwide Showdown","10/30/2021","5100000","2370","93","['Reality-TV']"
"Bullet Train Bistro: Season 1 // #居酒屋新幹線: シーズン1","5/10/2019","5100000","122650","86","['Crime', 'Drama', 'Thriller']"
"Call Boy // 娼年","10/14/2022","5100000","100","86","['Short', 'Adventure', 'Romance']"
"Cat and Dog // Non c'è due senza quattro","9/23/2022","5100000","580","85","['Comedy', 'Romance']"
"Cinta Si Wedding Planner: Season 1","12/6/2019","5000000","47530","85","['Adventure', 'Drama', 'Thriller']"
"Conni: Season 9","9/16/2022","5000000","270","94","['Fantasy', 'Music', 'Romance']"
"Dance Academy: Series 2","2/11/2021","4900000","300","97","['Drama', 'Family', 'Mystery']"
"Dogs, Lovers and Other Troubles // Řekni to psem","9/1/2022","4700000","47530","85","['Adventure', 'Comedy', 'Family']"
"Dry Martina","7/3/2019","4700000","80","94","['Comedy']"
"Fists of Legend // 전설의 주먹","9/17/2021","4400000","260","86","['Reality-TV']"
"Französisch für Anfänger","8/18/2017","4400000","650","90","['Biography', 'Comedy', 'Drama']"
"Gad Gone Wild // Gad Elmaleh Part en Live","6/2/2023","4400000","220","85","['Crime', 'Drama', 'Horror']"
"Geordie Shore: Season 19","2/2/2022","4400000","75590","90","['Adventure', 'Comedy', 'Family']"
"Geordie Shore: Season 20","2/16/2021","4300000","440","90","['Drama', 'Sport']"
"God's Neighbors // המשגיחים","9/15/2021","4300000","75590","90","['Short', 'Comedy']"
"Green Lantern: Beware My Power","6/19/2020","4300000","122650","86","['Comedy']"
"Haroun","4/20/2018","4200000","110","87","['Comedy', 'Romance']"
"Help (2021)","9/26/2022","4100000","650","89","['Action', 'Mystery', 'Thriller']"
"Hocus Pocus Alfie Atkins // Hokus pokus Albert Åberg","4/23/2019","4100000","260","86","['Comedy']"
"Hometown // 홈타운","3/22/2019","4100000","122650","86","['Comedy', 'Drama', 'Family']"
"I'm Standing on a Million Lives: Season 1 // 100万の命の上に俺は立っている: シーズン1","5/3/2019","4000000","122650","86","['Drama', 'Horror', 'Thriller']"
"If It's Meant To Be // Nasipse Olur","11/4/2016","4000000","122650","86","['Animation', 'Adventure', 'Family']"
"Inside Crime Scene","6/1/2018","3900000","650","89","['Short']"
"Jump like a Witch: 2022 // 마녀체력 농구부: 2022","10/7/2022","3800000","81650","87","['Drama', 'Horror', 'Thriller']"
"Kamu Tidak Sendiri","2/3/2020","3800000","650","90","['Drama', 'Horror', 'Sci-Fi']"
"Lara Ati","11/15/2022","3700000","145920","92","['Drama', 'Mystery', 'Thriller']"
"Lethal Love","8/4/2021","3600000","75590","90","['Drama', 'War']"
"Meru","7/29/2019","3500000","70","87","['Documentary', 'Short']"
"Mujeres arriba","5/11/2018","3300000","2370","93","['Reality-TV']"
"My Annoying Brother // 형","11/1/2019","3300000","80","87","['Animation', 'Short', 'Adventure']"
"Nihon Yakuza Kososhi: Season 1 // 日本やくざ抗争史: シーズン1","11/25/2022","3200000","145920","92","['Animation', 'Adventure', 'Comedy']"
"Oasis: Supersonic","1/26/2018","3200000","130","86","['Action', 'Comedy', 'Crime']"
"Our Father // אבינו","10/13/2022","3100000","226850","85","['Documentary']"
"Our Lady of San Juan, Four Centuries of Miracles // Virgen de San Juan, cuatro siglos de milagros","1/4/2020","3100000","226850","85","['Drama']"
"People Just Do Nothing: Big in Japan","11/21/2016","3100000","2370","93","['Horror', 'Mystery', 'Thriller']"
"Pirate Hunting","12/9/2022","3000000","81650","87","['Action', 'Comedy', 'Family']"
"Popstar: Never Stop Never Stopping","10/18/2019","3000000","650","89","['Animation', 'Comedy']"
"Prince of Crime // Milionari","3/5/2021","3000000","75590","90","['Crime', 'Thriller']"
"Prophecy // 予告犯","6/9/2022","3000000","220","85","['Action', 'Adventure', 'Sci-Fi']"
"Reasonable Doubt: A Tale of Two Kidnappings: Limited Series // Duda razonable: Historia de dos secuestros: Miniserie","1/19/2018","2900000","2370","93","['Biography', 'Drama', 'History']"
"Rokuhoudou Colorful Days: Season 1 // 鹿楓堂よついろ日和: シーズン1","7/13/2018","2900000","190","93","['Horror', 'Thriller']"
"Se mi vuoi bene","11/17/2022","2800000","580","85","['Animation', 'Adventure', 'Comedy']"
"The Country Cowboy // Il ragazzo di campagna","3/11/2020","2500000","145930","92","['Documentary', 'Family', 'History']"
"The Frankenstein Chronicles: Season 2","11/11/2022","2500000","270","88","['Crime', 'Drama', 'Mystery']"
"The Grizzlies","2/4/2021","2500000","340490","89","['Reality-TV']"
"The Keeper (2009)","1/1/2021","2400000","480","93","['Animation', 'Adventure', 'Comedy']"
"The Mole (2001): Season 3","7/15/2020","2400000","94810","86","['Animation', 'Action', 'Adventure']"
"The Official Story // La historia oficial","4/16/2019","2400000","60","86","['Short', 'War']"
"The Voice of Sin // 罪の声","12/8/2016","2300000","360","85","['Animation', 'Short', 'Comedy']"
"Toriroti: Toritori 3 // 쫑알쫑알 똘똘이 3","4/2/2021","2200000","220","85","['Comedy', 'Family', 'Romance']"
"Two Times You // Dos veces tú","8/20/2021","2200000","145930","92","['Action', 'Drama', 'Thriller']"
"Unspeakable Acts","12/7/2021","2100000","230","87","['Crime', 'Drama', 'Mystery']"
"Wild Abandon: Limited Series // Uysallar: Mini Dizi","12/21/2018","2000000","47550","85","['Animation', 'Short', 'Adventure']"
"You Choose! // L'embarras du choix","9/24/2022","2000000","650","89","['Comedy', 'Drama', 'Family']"
"45 Years","5/5/2022","2000000","81650","87","['Comedy', 'Drama', 'Romance']"
"A Girl at My Door // 도희야","2/21/2022","1900000","109070","85","['Documentary', 'Crime', 'Sport']"
"A Good Old Fashioned Orgy","6/20/2022","1900000","117170","86","['Adventure', 'Family', 'Sci-Fi']"
"A Kid from Coney Island","10/5/2018","1900000","81650","87","['Animation', 'Short', 'Adventure']"
"Against All Odds (1984)","9/15/2017","1900000","390","91","['Drama']"
"Aristocrats // あのこは貴族","3/11/2015","1800000","1220","88","['Documentary', 'Crime']"
"Armed to the Teeth // Hasta los dientes","10/20/2021","1800000","650","89","['Documentary', 'Short']"
"Ayinla","9/16/2017","1700000","120","96","['Horror']"
"Bad Luck Good Love // Pech to nie grzech","4/20/2018","1700000","2370","93","['Animation', 'Adventure', 'Family']"
"Bangistan // बैंगिस्तान","8/18/2022","1700000","2370","93","['Animation', 'Comedy', 'Romance']"
"Barbapapa: Season 1","7/6/2022","1700000","650","89","['Documentary', 'Short']"
"Battle Royale // バトル・ロワイアル","9/2/2021","1700000","2370","93","['Comedy', 'Drama', 'Romance']"
"Bayonet","7/31/2020","1700000","47550","85","['Comedy', 'Horror']"
"Bill Nye Saves the World: Season 1","11/26/2019","1700000","94810","86","['Documentary', 'Crime']"
"Blindness // Zaćma","8/24/2018","1600000","75590","90","['Documentary', 'Music']"
"Blinky Bill: The Movie","9/10/2019","1600000","650","89","['Action', 'Adventure', 'Drama']"
"Born to Be Wild: Season 1","7/28/2020","1600000","1120","90","['Comedy', 'Drama', 'Romance']"
"Care of Kancharapalem","10/23/2020","1500000","650","89","['Action', 'Adventure', 'Drama']"
"Chelsea Handler: Uganda Be Kidding Me Live","9/24/2019","1500000","81650","87","['Comedy', 'Drama']"
"Compulsive Liar // Menteur","11/27/2020","1500000","650","89","['Drama', 'Thriller']"
"Connasse, princesse des coeurs","1/20/2017","1500000","650","89","['Comedy']"
"Cowspiracy: The Sustainability Secret","8/10/2018","1500000","145930","92","['Horror', 'Thriller']"
"Crô: O Filme","11/9/2018","1400000","94810","86","['Comedy']"
"Daddy You, Daughter Me // 아빠는 딸","2/6/2015","1400000","81650","87","['Comedy', 'Drama']"
"Dany Boon: Des Hauts De France // Dany de Boon : Des Hauts De France","1/5/2022","1400000","80","94","['Documentary', 'Biography', 'Crime']"
"Dedemin Fisi","1/21/2022","1400000","145930","92","['Action', 'Adventure', 'Sci-Fi']"
"Dessau Dancers","6/10/2021","1400000","650","89","['Short', 'Musical', 'Romance']"
"Die Schwarzen Brüder","10/10/2016","1300000","60","86","['Comedy', 'Drama']"
"Doraemon the Movie: Nobita in the Wan-Nyan Spacetime Odyssey // 映画ドラえもん のび太のワンニャン時空伝","4/8/2018","1300000","1120","90","['Action', 'Crime', 'Drama']"
"Easy Money: Hard to Kill // Snabba Cash 2: Aldrig fucka upp","3/5/2020","1300000","13387350","90","['Action', 'Comedy', 'Crime']"
"El Vato: Season 2","5/17/2019","1300000","75590","90","['Drama', 'Romance']"
"Famous Five 2 // Fünf Freunde 2","12/31/2021","1200000","145930","92","['Documentary', 'Crime', 'History']"
"Fantozzi against everyone // Fantozzi contro tutti","2/22/2019","1200000","220","85","['Short']"
"Fantozzi Succumbs Again // Fantozzi subisce ancora","11/11/2019","1200000","220","85","['Short']"
"Fate/Grand Order -First Order-","5/10/2023","1200000","230","87","['Animation', 'Family']"
"FENGSHUI // 명당","9/22/2017","1200000","50","94","['Comedy', 'Drama', 'Romance']"
"Fight Back to School II // 逃學威龍 2 // 逃学威龙 2","1/29/2019","1200000","60","86","['Comedy', 'Drama']"
"Fist of the North Star: Season 6 // 北斗の拳: 修羅の国編 (第123話 - 第152話)","11/22/2019","1200000","19376390","90","['Documentary', 'Sport']"
"Fool's Gold (2008)","10/25/2019","1200000","110","88","['Documentary', 'Short', 'Biography']"
"Frances Ha","11/28/2022","1200000","145930","92","['Short']"
"Get Me Roger Stone","1/6/2017","1100000","2370","93","['Crime', 'Drama', 'Fantasy']"
"Greta (2018)","4/29/2020","1100000","81650","87","['Drama']"
"Heroes Wanted // Cuerpo de Élite","4/28/2017","1000000","650","89","['Documentary']"
"Hey, Did You Score? // E Aí... Comeu?","11/16/2018","1000000","81650","87","['Drama', 'Romance']"
"High Heels // Tacones lejanos","1/8/2020","1000000","28520","85","['Horror', 'Thriller']"
"Hindenburg: Season 1","9/20/2020","1000000","250","87","['Animation', 'Comedy', 'Family']"
"Howling Village // 犬鳴村","1/20/2022","1000000","145930","92","['Biography', 'Drama', 'History']"
"In Our Prime // 이상한 나라의 수학자","5/16/2022","1000000","130","86","['Drama', 'Thriller']"
"In The Mood For Love // 花様年華","12/2/2022","900000","650","89","['Documentary']"
"InuYasha the Movie 3: Swords of an Honorable Ruler // 映画「犬夜叉 天下覇道の剣」","8/31/2015","900000","230","87","['Animation', 'Action', 'Adventure']"
"It's in the Bank // Na bank się uda","11/18/2021","900000","145930","92","['Comedy', 'Drama', 'Romance']"
"It's Only the End of the World // Juste la fin du monde","5/27/2021","900000","220","85","['Documentary', 'Biography', 'History']"
"Jesteś Bogiem","12/16/2020","900000","110","87","['Comedy']"
"Just Cause (1995)","5/4/2018","900000","90","93","['Romance']"
"Kein Pardon","3/28/2022","900000","230","87","['Animation', 'Adventure', 'Comedy']"
"Kibar Feyzo","8/27/2021","900000","520","86","['Horror', 'Mystery', 'Thriller']"
"Last Cab to Darwin","1/6/2017","800000","650","90","['Animation', 'Action', 'Crime']"
"Locked Down (2021)","9/30/2022","800000","230","87","['Animation', 'Adventure', 'Comedy']"
"Love After Divorce: Season 3 // 돌싱글즈: 시즌3","4/7/2021","800000","39860","85","['Comedy', 'Drama']"
"Love Strikes! – The Series: 1.0 // モテキ: シーズン1","2/18/2021","800000","650","90","['Comedy']"
"Mi Vida","11/8/2022","700000","120","93","['Documentary', 'Sport']"
"Mothers // Matky","5/13/2018","600000","120","85","['Animation', 'Adventure', 'Comedy']"
"My Sassy Girl // 엽기적인 그녀","5/1/2017","600000","690","87","['Documentary']"
"Night of the Undead // 죽지않는 인간들의 밤","2/14/2021","600000","180","86","['Comedy']"
"No Longer kids // العيال كبرت","9/8/2020","600000","38320","85","['Drama']"
"Noragami // ノラガミ","1/13/2023","600000","390","91","['Comedy', 'Romance']"
"Off Course // Perdiendo el norte","9/30/2020","600000","650","89","['Comedy']"
"Old People's Home for 4 Year Olds: Season 2","4/27/2018","600000","15140730","86","['Drama', 'Thriller']"
"On Children: Season 1 // 你的孩子不是你的孩子: 第 1 季","12/12/2013","600000","650","89","['Comedy']"
"On Nights When I Want to End it All...: Season 1 // 死にたい夜にかぎって: シーズン1","2/3/2020","600000","81650","87","['Documentary']"
"Once Upon A Time: Season 1 // Pada Zaman Dahulu: Musim 1","6/24/2018","600000","50","100","['Animation', 'Short', 'Comedy']"
"Once Upon a Time in Venice","11/20/2020","600000","140","87","['Short']"
"PASSENGERS (2008)","12/21/2019","500000","220","85","['Documentary', 'Crime', 'History']"
"Penelope (2006)","12/3/2018","500000","130","86","['Documentary']"
"R-Point // 알 포인트","3/4/2022","500000","145930","92","['Animation', 'Family', 'Short']"
"Rattan: Season 1 // 司藤: 第 1 季","12/19/2019","500000","650","89","['Comedy', 'Drama', 'Romance']"
"Red Dog (2012)","12/24/2021","400000","2370","93","['Comedy']"
"Resident Evil: Vendetta","5/1/2020","400000","1030","90","['Documentary']"
"Sam Jay: 3 In The Morning","2/9/2017","400000","145930","92","['Comedy']"
"Saw III","9/13/2016","400000","120","93","['Animation', 'Adventure', 'Family']"
"School of Roars: Season 1","4/12/2022","400000","70","100","['Documentary', 'Comedy']"
"Shadow Parties","10/25/2019","400000","421080","86","['Short']"
"Snakes and Earrings // 蛇にピアス","11/5/2019","400000","650","89","['Documentary', 'Comedy']"
"Sniff the Dog the War Hero // Snuf de Hond in Oorlogstijd","1/2/2020","400000","81650","87","['Comedy']"
"So Connected","6/29/2022","400000","2370","93","['Animation', 'Family', 'Short']"
"Song Exploder: Volume 2","6/9/2022","400000","75590","90","['Comedy', 'Music']"
"Sound of Metal","10/9/2020","400000","81650","87","['Documentary', 'History']"
"SP: The Motion Picture Episode V // SP THE MOTION PICTURE 野望篇","4/21/2017","400000","240","88","['Comedy']"
"Super Wings: Season 5","12/15/2020","300000","145920","92","['Short', 'Drama', 'History']"
"Switch // ドラマスペシャル「スイッチ」","12/31/2020","300000","130","97","['Comedy']"
"Switch // ドラマスペシャル「スイッチ」","8/11/2022","300000","220","85","['Adventure', 'Drama', 'Fantasy']"
"That’s My Time with David Letterman: Season 1","3/2/2018","300000","580","85","['Drama']"
"The Breakup Playlist","10/1/2019","300000","720","86","['Comedy']"
"The Classic // 클래식","6/12/2019","300000","23580","85","['Drama', 'Music']"
"The Little Switzerland // La Pequeña Suiza","9/18/2018","200000","145920","92","['Comedy']"
"The Penalty","8/27/2021","200000","70","95","['Comedy']"
"The Snow Walker","11/17/2021","200000","145920","92","['Comedy', 'News', 'Talk-Show']"
"Tip the Mouse: Season 2","11/23/2020","200000","226870","85","['Comedy']"
"Trauma (2010): Season 1","7/3/2018","200000","81650","87","['Documentary', 'Short', 'Biography']"
"Untangle // Desenrola","4/21/2022","100000","","","['Short']"
"Victim of Beauty","3/8/2022","100000","650","89","['Documentary']"
"Vince and Kath and James","1/25/2022","100000","60","86","['Horror']"
"Visaranai","9/25/2019","100000","270","88","['Animation', 'Short', 'Adventure']"
"Vlad the Impaler // Deliler Fatih'in Fermanı","3/8/2021","100000","81650","87","['Short', 'Drama', 'War']"
"Volta (2017)","1/23/2021","100000","650","89","['Family', 'History', 'Sport']"
"We Are Just Not Divorced: Season 1 // ただ離婚してないだけ: シーズン1","5/21/2021","100000","270","94","['Action', 'Adventure', 'Drama']"
"We Love // ういらぶ。","6/3/2021","100000","180","94","['Documentary', 'Short']"
"Weissensee: Season 3","12/1/2019","100000","60","86","['Documentary', 'Short']"
"Weissensee: Season 4","10/9/2020","100000","70","90","['Horror', 'Thriller']"
"Who Finds a Friend Finds a Treasure // Chi trova un amico trova un tesoro","6/16/2021","100000","145910","92","['Talk-Show']"
"Wild Dog (Tamil)","6/23/2020","100000","483700","85","['Documentary', 'Crime']"
"Wild Little Love","9/10/2019","100000","270","88","['Documentary']"
"Wolf // Börü","10/21/2021","100000","6201430","90","['Drama']"
"Wolf Girl & Black Prince // オオカミ少女と黒王子","9/27/2018","100000","2370","93","['Comedy']"
"Wotakoi: Love is Hard for Otaku // ヲタクに恋は難しい","2/16/2019","100000","70","87","['Action', 'Comedy', 'Drama']"
"XXY","5/8/2018","100000","2370","93","['Short']"
"Yoshimoto Shinkigeki: Season 1 // よしもと新喜劇: シーズン1","2/17/2022","100000","650","89","['Animation', 'Short', 'Horror']"
"You're Everything To Me // Sen Benim HerŞeyimsin","6/2/2016","100000","650","89","['Action', 'Drama', 'History']"
"Yu-Gi-Oh!: Season 3 // 遊☆戯☆王デュエルモンスターズ: 乃亜(ノア)編","12/12/2019","100000","560","93","['Animation', 'Adventure', 'Comedy']"
"Çalgı Çengi İkimiz","2/28/2021","100000","650","89","['Talk-Show']"
"Érase una vez en Euskadi","7/17/2020","100000","2370","93","['Action', 'Crime', 'Drama']"
"#Selfie (2014)","12/4/2020","100000","360","85","['Drama', 'Music', 'Romance']"
"100% Coco New York","6/10/2021","100000","6201430","90","['Documentary', 'Short']"
"122","12/25/2022","100000","60","93","['Animation', 'Comedy', 'Sci-Fi']"
"1981","10/14/2019","100000","220","90","['Documentary', 'Crime']"
"3 Days to Kill","6/4/2019","100000","23960","85","['Short', 'Comedy']"
"438 dagar","9/22/2017","100000","560","93","['Talk-Show']"
"49 Days with a Merman // 我家浴缸的二三事","3/4/2022","100000","6201430","90","['Comedy', 'Drama']"
"8","4/11/2019","100000","70","87","['Game-Show', 'Reality-TV']"
"9 (2009)","7/27/2021","100000","6201430","90","['Talk-Show']"
"99 Nama Cinta","7/14/2021","100000","340470","89","['Drama', 'Horror', 'Mystery']"
"A Banana? At This Time of Night? // こんな夜更けにバナナかよ 愛しき実話","1/11/2019","100000","6201430","90","['Documentary', 'Short', 'Sport']"
"A Boy Name Flora A: Season 1 // 植劇場：花甲男孩轉大人: 第 1 季 // 花甲男孩转大人: 第 1 季","8/26/2020","100000","6201430","90","['Short']"
"A Christmas Wedding // A Natale mi sposo","6/20/2017","100000","2370","93","['Action', 'Drama', 'History']"
"A Dirty Shame","6/26/2020","100000","560","93","['Documentary', 'Drama', 'History']"
"A Faraway Land","7/6/2018","100000","560","93","['Action', 'Adventure', 'Crime']"
"A Fistful of Dollars","4/6/2018","100000","2370","93","['Documentary', 'Short']"
"A Little Princess // 감쪽같은 그녀","10/2/2020","100000","70930","88","['Comedy', 'Drama']"
"A Million Little Pieces","1/8/2021","100000","320","88","['Short']"
"A Morning of Farewell // いのちの停車場","9/30/2014","100000","2370","93","['Comedy', 'Romance']"
"A New York Christmas Wedding","12/4/2020","100000","560","93","['Drama', 'Romance', 'Sci-Fi']"
"A Rainy Day in New York","12/7/2022","100000","70930","88","['Biography', 'Drama', 'Sport']"
"A Street Cat Named Bob","5/5/2017","100000","560","93","['Crime', 'Drama']"
"A Werewolf Boy // 늑대소년","12/16/2021","100000","2370","93","['Action', 'Adventure', 'Drama']"
"A.C.A.B.: All Cops Are Bastards","12/3/2019","100000","90","99","['Drama', 'Mystery', 'Thriller']"
"Advantageous","11/23/2021","100000","100","86","['Crime', 'Drama', 'Thriller']"
"Afrikou na pionyru // Afrika na Pionieri","5/8/2020","100000","633760","86","['Action', 'Adventure', 'Drama']"
